setId	setName	classification	setType	formation	asset
2810070524	Over Wide	Class_Nickel	SetType_None	football/Gameplay/playbooks/PlayLibrary/Formations/Defense/2-4-5/2-4-5	football/Gameplay/playbooks/PlayLibrary/Formations/Defense/2-4-5/Over_Wide/Over_Wide
1994419247	Over Wide	Class_4_3	SetType_None	football/Gameplay/playbooks/PlayLibrary/Formations/Defense/2-5/2-5	football/Gameplay/playbooks/PlayLibrary/Formations/Defense/2-5/Over_Wide/Over_Wide
2966420591	3 High Over	Class_3_3_5	SetType_None	football/Gameplay/playbooks/PlayLibrary/Formations/Defense/3-3-5/3-3-5	football/Gameplay/playbooks/PlayLibrary/Formations/Defense/3-3-5/3_High_Over/3_High_Over
2999056801	3 High Penny	Class_3_3_5	SetType_None	football/Gameplay/playbooks/PlayLibrary/Formations/Defense/3-3-5/3-3-5	football/Gameplay/playbooks/PlayLibrary/Formations/Defense/3-3-5/3_High_Penny/3_High_Penny
1263833919	Over Flex	Class_3_3_5	SetType_None	football/Gameplay/playbooks/PlayLibrary/Formations/Defense/3-3-5/3-3-5	football/Gameplay/playbooks/PlayLibrary/Formations/Defense/3-3-5/Over_Flex/Over_Flex
2232831480	Over Wide	Class_Nickel	SetType_None	football/Gameplay/playbooks/PlayLibrary/Formations/Defense/3-3-5/3-3-5	football/Gameplay/playbooks/PlayLibrary/Formations/Defense/3-3-5/Over_Wide/Over_Wide
1154842358	Penny	Class_3_3_5	SetType_None	football/Gameplay/playbooks/PlayLibrary/Formations/Defense/3-3-5/3-3-5	football/Gameplay/playbooks/PlayLibrary/Formations/Defense/3-3-5/Penny/Penny
1298	Bear	Class_3_4	SetType_None	football/Gameplay/playbooks/PlayLibrary/Formations/Defense/3-4/3-4	football/Gameplay/playbooks/PlayLibrary/Formations/Defense/3-4/Bear/Bear
1021	Bear 46	Class_3_4	SetType_None	football/Gameplay/playbooks/PlayLibrary/Formations/Defense/3-4/3-4	football/Gameplay/playbooks/PlayLibrary/Formations/Defense/3-4/Bear_46/Bear_46
248	Cub	Class_3_4	SetType_None	football/Gameplay/playbooks/PlayLibrary/Formations/Defense/3-4/3-4	football/Gameplay/playbooks/PlayLibrary/Formations/Defense/3-4/Cub/Cub
483	Even	Class_3_4	SetType_None	football/Gameplay/playbooks/PlayLibrary/Formations/Defense/3-4/3-4	football/Gameplay/playbooks/PlayLibrary/Formations/Defense/3-4/Even/Even
3159739393	Grizzly	Class_3_4	SetType_None	football/Gameplay/playbooks/PlayLibrary/Formations/Defense/3-4/3-4	football/Gameplay/playbooks/PlayLibrary/Formations/Defense/3-4/Grizzly/Grizzly
34	Odd	Class_3_4	SetType_None	football/Gameplay/playbooks/PlayLibrary/Formations/Defense/3-4/3-4	football/Gameplay/playbooks/PlayLibrary/Formations/Defense/3-4/Odd/Odd
246	Over	Class_3_4	SetType_None	football/Gameplay/playbooks/PlayLibrary/Formations/Defense/3-4/3-4	football/Gameplay/playbooks/PlayLibrary/Formations/Defense/3-4/Over/Over
484	Over Ed	Class_3_4	SetType_None	football/Gameplay/playbooks/PlayLibrary/Formations/Defense/3-4/3-4	football/Gameplay/playbooks/PlayLibrary/Formations/Defense/3-4/Over_Ed/Over_Ed
3283403631	Over Solid	Class_3_4	SetType_None	football/Gameplay/playbooks/PlayLibrary/Formations/Defense/3-4/3-4	football/Gameplay/playbooks/PlayLibrary/Formations/Defense/3-4/Over_Solid/Over_Solid
661	Predator	Class_3_4	SetType_None	football/Gameplay/playbooks/PlayLibrary/Formations/Defense/3-4/3-4	football/Gameplay/playbooks/PlayLibrary/Formations/Defense/3-4/Predator/Predator
1234015905	Tite	Class_3_4	SetType_None	football/Gameplay/playbooks/PlayLibrary/Formations/Defense/3-4/3-4	football/Gameplay/playbooks/PlayLibrary/Formations/Defense/3-4/Tite/Tite
43042476	Tite 5 Tech	Class_3_4	SetType_None	football/Gameplay/playbooks/PlayLibrary/Formations/Defense/3-4/3-4	football/Gameplay/playbooks/PlayLibrary/Formations/Defense/3-4/Tite_5T/Tite_5T
3785790493	Tite Grizzly	Class_3_4	SetType_None	football/Gameplay/playbooks/PlayLibrary/Formations/Defense/3-4/3-4	football/Gameplay/playbooks/PlayLibrary/Formations/Defense/3-4/Tite_Grizzly/Tite_Grizzly
247	Under	Class_3_4	SetType_None	football/Gameplay/playbooks/PlayLibrary/Formations/Defense/3-4/3-4	football/Gameplay/playbooks/PlayLibrary/Formations/Defense/3-4/Under/Under
4194360507	Under 4 Tech	Class_3_4	SetType_None	football/Gameplay/playbooks/PlayLibrary/Formations/Defense/3-4/3-4	football/Gameplay/playbooks/PlayLibrary/Formations/Defense/3-4/Under_4T/Under_4T
2974533613	3 High	Class_4_2_5	SetType_None	football/Gameplay/playbooks/PlayLibrary/Formations/Defense/4-2-5/4-2-5	football/Gameplay/playbooks/PlayLibrary/Formations/Defense/4-2-5/3_High/3_High
3351814179	Even	Class_4_2_5	SetType_None	football/Gameplay/playbooks/PlayLibrary/Formations/Defense/4-2-5/4-2-5	football/Gameplay/playbooks/PlayLibrary/Formations/Defense/4-2-5/Even/Even
1160	Over G	Class_4_2_5	SetType_None	football/Gameplay/playbooks/PlayLibrary/Formations/Defense/4-2-5/4-2-5	football/Gameplay/playbooks/PlayLibrary/Formations/Defense/4-2-5/Over_G/Over_G
3358036691	Over Wide	Class_Nickel	SetType_None	football/Gameplay/playbooks/PlayLibrary/Formations/Defense/4-2-5/4-2-5	football/Gameplay/playbooks/PlayLibrary/Formations/Defense/4-2-5/Over_Wide/Over_Wide
3910200909	Under	Class_4_2_5	SetType_None	football/Gameplay/playbooks/PlayLibrary/Formations/Defense/4-2-5/4-2-5	football/Gameplay/playbooks/PlayLibrary/Formations/Defense/4-2-5/Under/Under
1243	Even 6-1	Class_4_3	SetType_None	football/Gameplay/playbooks/PlayLibrary/Formations/Defense/4-3/4-3	football/Gameplay/playbooks/PlayLibrary/Formations/Defense/4-3/Even_6-1/Even_6-1
843	Odd	Class_4_3	SetType_None	football/Gameplay/playbooks/PlayLibrary/Formations/Defense/4-3/4-3	football/Gameplay/playbooks/PlayLibrary/Formations/Defense/4-3/Odd/Odd
1043058536	Odd Leo	Class_4_3	SetType_None	football/Gameplay/playbooks/PlayLibrary/Formations/Defense/4-3/4-3	football/Gameplay/playbooks/PlayLibrary/Formations/Defense/4-3/Odd_Leo/Odd_Leo
2	Over	Class_4_3	SetType_None	football/Gameplay/playbooks/PlayLibrary/Formations/Defense/4-3/4-3	football/Gameplay/playbooks/PlayLibrary/Formations/Defense/4-3/Over/Over
762	Over Solid	Class_4_3	SetType_None	football/Gameplay/playbooks/PlayLibrary/Formations/Defense/4-3/4-3	football/Gameplay/playbooks/PlayLibrary/Formations/Defense/4-3/Over_Solid/Over_Solid
249	Over Walk	Class_4_3	SetType_None	football/Gameplay/playbooks/PlayLibrary/Formations/Defense/4-3/4-3	football/Gameplay/playbooks/PlayLibrary/Formations/Defense/4-3/Over_Walk/Over_Walk
1030	Over Wide	Class_4_3	SetType_None	football/Gameplay/playbooks/PlayLibrary/Formations/Defense/4-3/4-3	football/Gameplay/playbooks/PlayLibrary/Formations/Defense/4-3/Over_Wide/Over_Wide
1082909458	Tite Leo	Class_4_3	SetType_None	football/Gameplay/playbooks/PlayLibrary/Formations/Defense/4-3/4-3	football/Gameplay/playbooks/PlayLibrary/Formations/Defense/4-3/Tite_Leo/Tite_Leo
125	Under	Class_4_3	SetType_None	football/Gameplay/playbooks/PlayLibrary/Formations/Defense/4-3/4-3	football/Gameplay/playbooks/PlayLibrary/Formations/Defense/4-3/Under/Under
460	Split	Class_4_4	SetType_None	football/Gameplay/playbooks/PlayLibrary/Formations/Defense/4-4/4-4	football/Gameplay/playbooks/PlayLibrary/Formations/Defense/4-4/Split/Split
124	Bear	Class_46	SetType_None	football/Gameplay/playbooks/PlayLibrary/Formations/Defense/46/46	football/Gameplay/playbooks/PlayLibrary/Formations/Defense/46/Bear/Bear
837	Bear Under	Class_4_3	SetType_None	football/Gameplay/playbooks/PlayLibrary/Formations/Defense/46/46	football/Gameplay/playbooks/PlayLibrary/Formations/Defense/46/Bear_Under/Bear_Under
98	Normal	Class_46	SetType_None	football/Gameplay/playbooks/PlayLibrary/Formations/Defense/46/46	football/Gameplay/playbooks/PlayLibrary/Formations/Defense/46/Normal/Normal
459	Normal	Class_5_2	SetType_None	football/Gameplay/playbooks/PlayLibrary/Formations/Defense/5-2/5-2	football/Gameplay/playbooks/PlayLibrary/Formations/Defense/5-2/Normal/Normal
2376615816	2-4 Dbl Mug	Class_Nickel	SetType_None	football/Gameplay/playbooks/PlayLibrary/Formations/Defense/Cov0_PS/Cover0_PS	football/Gameplay/playbooks/PlayLibrary/Formations/Defense/Cov0_PS/2-4_Dbl_Mug_PS/2-4_Dbl_Mug_PS
1680433394	Even 6-1	Class_4_3	SetType_None	football/Gameplay/playbooks/PlayLibrary/Formations/Defense/Cov0_PS/Cover0_PS	football/Gameplay/playbooks/PlayLibrary/Formations/Defense/Cov0_PS/Even_6-1_PS/Even_6-1_PS
3652434690	Odd	Class_3_4	SetType_None	football/Gameplay/playbooks/PlayLibrary/Formations/Defense/Cov0_PS/Cover0_PS	football/Gameplay/playbooks/PlayLibrary/Formations/Defense/Cov0_PS/Odd_PS/Odd_PS
3935083525	Over	Class_3_4	SetType_None	football/Gameplay/playbooks/PlayLibrary/Formations/Defense/Cov0_PS/Cover0_PS	football/Gameplay/playbooks/PlayLibrary/Formations/Defense/Cov0_PS/Over_PS/Over_PS
2391993568	1-4 Dbl Mug	Class_Dime	SetType_None	football/Gameplay/playbooks/PlayLibrary/Formations/Defense/Dime/Dime	football/Gameplay/playbooks/PlayLibrary/Formations/Defense/Dime/1-4_Dbl_Mug/1-4_Dbl_Mug
764	1-4-6	Class_Dime	SetType_None	football/Gameplay/playbooks/PlayLibrary/Formations/Defense/Dime/Dime	football/Gameplay/playbooks/PlayLibrary/Formations/Defense/Dime/1-4-6/1-4-6
756	2-3 Odd	Class_Dime	SetType_None	football/Gameplay/playbooks/PlayLibrary/Formations/Defense/Dime/Dime	football/Gameplay/playbooks/PlayLibrary/Formations/Defense/Dime/2-3_Odd/2-3_Odd
834	2-3 Odd Jack	Class_Dime	SetType_None	football/Gameplay/playbooks/PlayLibrary/Formations/Defense/Dime/Dime	football/Gameplay/playbooks/PlayLibrary/Formations/Defense/Dime/2-3_Odd_Jack/2-3_Odd_Jack
3147473300	2-3 Single Mug	Class_Dime	SetType_None	football/Gameplay/playbooks/PlayLibrary/Formations/Defense/Dime/Dime	football/Gameplay/playbooks/PlayLibrary/Formations/Defense/Dime/2-3_Single_Mug/2-3_Single_Mug
755	2-3-6	Class_Dime	SetType_None	football/Gameplay/playbooks/PlayLibrary/Formations/Defense/Dime/Dime	football/Gameplay/playbooks/PlayLibrary/Formations/Defense/Dime/2-3-6/2-3-6
1684861894	3-2 Odd	Class_Dollar	SetType_None	football/Gameplay/playbooks/PlayLibrary/Formations/Defense/Dime/Dime	football/Gameplay/playbooks/PlayLibrary/Formations/Defense/Dime/3-2_Odd/3-2_Odd
1232	3-2 Rush	Class_Dime	SetType_None	football/Gameplay/playbooks/PlayLibrary/Formations/Defense/Dime/Dime	football/Gameplay/playbooks/PlayLibrary/Formations/Defense/Dime/3-2_Rush/3-2_Rush
2598097802	3-2 Swap Dbl Mug	Class_Dime	SetType_None	football/Gameplay/playbooks/PlayLibrary/Formations/Defense/Dime/Dime	football/Gameplay/playbooks/PlayLibrary/Formations/Defense/Dime/3-2_Swap_Dbl_Mug/3-2_Swap_Dbl_Mug
1247	Load Weak	Class_Dime	SetType_None	football/Gameplay/playbooks/PlayLibrary/Formations/Defense/Dime/Dime	football/Gameplay/playbooks/PlayLibrary/Formations/Defense/Dime/Load_Weak/Load_Weak
36	Normal	Class_Dime	SetType_None	football/Gameplay/playbooks/PlayLibrary/Formations/Defense/Dime/Dime	football/Gameplay/playbooks/PlayLibrary/Formations/Defense/Dime/Normal/Normal
2956411665	Single Mug	Class_Dime	SetType_None	football/Gameplay/playbooks/PlayLibrary/Formations/Defense/Dime/Dime	football/Gameplay/playbooks/PlayLibrary/Formations/Defense/Dime/Single_Mug/Single_Mug
183	3-2	Class_Dollar	SetType_None	football/Gameplay/playbooks/PlayLibrary/Formations/Defense/Dollar/Dollar	football/Gameplay/playbooks/PlayLibrary/Formations/Defense/Dollar/3-2/3-2
1248	Sugar 3-2	Class_Dollar	SetType_None	football/Gameplay/playbooks/PlayLibrary/Formations/Defense/Dollar/Dollar	football/Gameplay/playbooks/PlayLibrary/Formations/Defense/Dollar/Sugar_3-2/Sugar_3-2
732	5-3	Class_GoallineDefense	SetType_Goalline	football/Gameplay/playbooks/PlayLibrary/Formations/Defense/Goal_Line_Defense/Goal_Line_Defense	football/Gameplay/playbooks/PlayLibrary/Formations/Defense/Goal_Line_Defense/5-3/5-3
1221	6-2	Class_GoallineDefense	SetType_Goalline	football/Gameplay/playbooks/PlayLibrary/Formations/Defense/Goal_Line_Defense/Goal_Line_Defense	football/Gameplay/playbooks/PlayLibrary/Formations/Defense/Goal_Line_Defense/6-2/6-2
2971747352	Pinch	Class_GoallineDefense	SetType_Goalline	football/Gameplay/playbooks/PlayLibrary/Formations/Defense/Goal_Line_Defense/Goal_Line_Defense	football/Gameplay/playbooks/PlayLibrary/Formations/Defense/Goal_Line_Defense/Pinch/Pinch
2632324301	Pursuit Left	Class_3_4	SetType_None	football/Gameplay/playbooks/PlayLibrary/Formations/Defense/MG_1on1_Pursuit/MG_Pursuit	football/Gameplay/playbooks/PlayLibrary/Formations/Defense/MG_1on1_Pursuit/Pursuit_Left/Pursuit_Left
3050353286	Oklahoma Right	Class_3_4	SetType_None	football/Gameplay/playbooks/PlayLibrary/Formations/Defense/MG_1on1_Pursuit/MG_Pursuit	football/Gameplay/playbooks/PlayLibrary/Formations/Defense/MG_1on1_Pursuit/Pursuit_Right/Pursuit_Right
411898527	500 Def	Class_Quarter	SetType_None	football/Gameplay/playbooks/PlayLibrary/Formations/Defense/MG_500/500	football/Gameplay/playbooks/PlayLibrary/Formations/Defense/MG_500/MG_500_Def/MG_500_Def
1469	Backfield Survival	Class_3_4	SetType_None	football/Gameplay/playbooks/PlayLibrary/Formations/Defense/MG_Backfield_Survival/MG_Backfield_Survival	football/Gameplay/playbooks/PlayLibrary/Formations/Defense/MG_Backfield_Survival/Backfield_Survival/Backfield_Survival
1484	Oklahoma	Class_3_4	SetType_None	football/Gameplay/playbooks/PlayLibrary/Formations/Defense/MG_Combine/MG_Combine	football/Gameplay/playbooks/PlayLibrary/Formations/Defense/MG_Combine/Oklahoma/Oklahoma
1891564774	Even PS	Class_4_2_5	SetType_None	football/Gameplay/playbooks/PlayLibrary/Formations/Defense/MG_Cover2_Passing_Skeleton/MG_Cover2_Passing_skeleton	football/Gameplay/playbooks/PlayLibrary/Formations/Defense/MG_Cover2_Passing_Skeleton/Even_PS/MG_Even_PS
2101998235	Over G	Class_4_2_5	SetType_None	football/Gameplay/playbooks/PlayLibrary/Formations/Defense/MG_Cover2_Passing_Skeleton/MG_Cover2_Passing_skeleton	football/Gameplay/playbooks/PlayLibrary/Formations/Defense/MG_Cover2_Passing_Skeleton/Over_G_PS/MG_Over_G_PS
1306000213	Over Wide	Class_Nickel	SetType_None	football/Gameplay/playbooks/PlayLibrary/Formations/Defense/MG_Cover2_Passing_Skeleton/MG_Cover2_Passing_skeleton	football/Gameplay/playbooks/PlayLibrary/Formations/Defense/MG_Cover2_Passing_Skeleton/Over_Wide_PS/MG_Over_Wide_PS
2161623135	Under	Class_4_2_5	SetType_None	football/Gameplay/playbooks/PlayLibrary/Formations/Defense/MG_Cover2_Passing_Skeleton/MG_Cover2_Passing_skeleton	football/Gameplay/playbooks/PlayLibrary/Formations/Defense/MG_Cover2_Passing_Skeleton/Under_PS/MG_Under_PS
3650277522	Even	Class_4_2_5	SetType_None	football/Gameplay/playbooks/PlayLibrary/Formations/Defense/MG_Cover3_Passing_Skeleton/MG_Cover3_Passing_skeleton	football/Gameplay/playbooks/PlayLibrary/Formations/Defense/MG_Cover3_Passing_Skeleton/Even_PS/MG_Even_PS_Cov3
2535990509	Over G	Class_4_2_5	SetType_None	football/Gameplay/playbooks/PlayLibrary/Formations/Defense/MG_Cover3_Passing_Skeleton/MG_Cover3_Passing_skeleton	football/Gameplay/playbooks/PlayLibrary/Formations/Defense/MG_Cover3_Passing_Skeleton/Over_G_Cover3_PS/MG_Over_G_Cover3_PS
1925787666	Over Wide	Class_Nickel	SetType_None	football/Gameplay/playbooks/PlayLibrary/Formations/Defense/MG_Cover3_Passing_Skeleton/MG_Cover3_Passing_skeleton	football/Gameplay/playbooks/PlayLibrary/Formations/Defense/MG_Cover3_Passing_Skeleton/Over_Wide_Cover3_PS/MG_Over_Wide_Cover3_PS
2644819318	Under	Class_4_2_5	SetType_None	football/Gameplay/playbooks/PlayLibrary/Formations/Defense/MG_Cover3_Passing_Skeleton/MG_Cover3_Passing_skeleton	football/Gameplay/playbooks/PlayLibrary/Formations/Defense/MG_Cover3_Passing_Skeleton/Under_Cover3_PS/MG_Under_Cover3_PS
1483	MG DB Battle	Class_Nickel	SetType_None	football/Gameplay/playbooks/PlayLibrary/Formations/Defense/MG_DB_Battle/MG_DB_Battle	football/Gameplay/playbooks/PlayLibrary/Formations/Defense/MG_DB_Battle/MG_DB_Battle/MG_DB_Battle
3238218952	4-3 Over Stunts	Class_4_3	SetType_None	football/Gameplay/playbooks/PlayLibrary/Formations/Defense/MG_DL4on5/4-3_Over_Stunts/MG_DL4on5	football/Gameplay/playbooks/PlayLibrary/Formations/Defense/MG_DL4on5/4-3_Over_Stunts/MG_4-3_Over_Stunts
2947355298	Normal	Class_Dime	SetType_None	football/Gameplay/playbooks/PlayLibrary/Formations/Defense/MG_HalflineD/MG_HalflineD	football/Gameplay/playbooks/PlayLibrary/Formations/Defense/MG_HalflineD/MG_Dime_HalflineD/Normal_MG
337949068	Over	Class_Nickel	SetType_None	football/Gameplay/playbooks/PlayLibrary/Formations/Defense/MG_HalflineD/MG_HalflineD	football/Gameplay/playbooks/PlayLibrary/Formations/Defense/MG_HalflineD/MG_Over_HalflineD/MG_Over_HalflineD
2003603963	Over Wide	Class_Nickel	SetType_None	football/Gameplay/playbooks/PlayLibrary/Formations/Defense/MG_HalflineD/MG_HalflineD	football/Gameplay/playbooks/PlayLibrary/Formations/Defense/MG_HalflineD/MG_Over_Wide_HalflineD/MG_Over_Wide_HalflineD
311488253	Over G	Class_4_2_5	SetType_None	football/Gameplay/playbooks/PlayLibrary/Formations/Defense/MG_Hole_Shot/MG_Hole_Shot	football/Gameplay/playbooks/PlayLibrary/Formations/Defense/MG_Hole_Shot/MG_Over_G/MG_Over_G
130143008	Bear	Class_3_4	SetType_None	football/Gameplay/playbooks/PlayLibrary/Formations/Defense/MG_Midnightalley_DEF/MG_MidnightAlley	football/Gameplay/playbooks/PlayLibrary/Formations/Defense/MG_Midnightalley_DEF/MG_MidnightAlley_DEF/MG_MidnightAlley_DEF
1470	Oklahoma	Class_3_4	SetType_None	football/Gameplay/playbooks/PlayLibrary/Formations/Defense/MG_Oklahoma/MG_Oklahoma	football/Gameplay/playbooks/PlayLibrary/Formations/Defense/MG_Oklahoma/Oklahoma/Oklahoma
1465	Option Attack 2-2	Class_3_4	SetType_None	football/Gameplay/playbooks/PlayLibrary/Formations/Defense/MG_Option_Attack/MG_Option_Attack	football/Gameplay/playbooks/PlayLibrary/Formations/Defense/MG_Option_Attack/Option_Attack_2-2/Option_Attack_2-2
1466	MG 3-4 Odd	Class_3_4	SetType_None	football/Gameplay/playbooks/PlayLibrary/Formations/Defense/MG_Pass_Defense/MG_Pass_Defense	football/Gameplay/playbooks/PlayLibrary/Formations/Defense/MG_Pass_Defense/MG_3-4_Odd/MG_3-4_Odd
1467	MG Skeleton	Class_Nickel	SetType_None	football/Gameplay/playbooks/PlayLibrary/Formations/Defense/MG_Pass_Defense/MG_Pass_Defense	football/Gameplay/playbooks/PlayLibrary/Formations/Defense/MG_Pass_Defense/MG_Skeleton/MG_Skeleton
1471	MG Pillar Defense	Class_3_4	SetType_None	football/Gameplay/playbooks/PlayLibrary/Formations/Defense/MG_Pitch_Party/MG_Pitch_Party	football/Gameplay/playbooks/PlayLibrary/Formations/Defense/MG_Pitch_Party/MG_Pillar_Defense/MG_Pillar_Defense
243351435	Chase_And_Tackle_1-1	Class_3_4	SetType_None	football/Gameplay/playbooks/PlayLibrary/Formations/Defense/MG_Rushing_Attack/MG_Rushing_Attack	football/Gameplay/playbooks/PlayLibrary/Formations/Defense/MG_Rushing_Attack/Rushing_Attack_1-1/Chase_And_Tackle_1-1
1462	Rushing Attack 1-1	Class_3_4	SetType_None	football/Gameplay/playbooks/PlayLibrary/Formations/Defense/MG_Rushing_Attack/MG_Rushing_Attack	football/Gameplay/playbooks/PlayLibrary/Formations/Defense/MG_Rushing_Attack/Rushing_Attack_1-1/Rushing_Attack_1-1
1463	Rushing Attack 2-1	Class_3_4	SetType_None	football/Gameplay/playbooks/PlayLibrary/Formations/Defense/MG_Rushing_Attack/MG_Rushing_Attack	football/Gameplay/playbooks/PlayLibrary/Formations/Defense/MG_Rushing_Attack/Rushing_Attack_2-1/Rushing_Attack_2-1
1464	Rushing Attack 2-2	Class_3_4	SetType_None	football/Gameplay/playbooks/PlayLibrary/Formations/Defense/MG_Rushing_Attack/MG_Rushing_Attack	football/Gameplay/playbooks/PlayLibrary/Formations/Defense/MG_Rushing_Attack/Rushing_Attack_2-2/Rushing_Attack_2-2
2197120650	3 on 23	Class_3_4	SetType_None	football/Gameplay/playbooks/PlayLibrary/Formations/Defense/MG_Rushing_Attack_3_On_23/3_On_23	football/Gameplay/playbooks/PlayLibrary/Formations/Defense/MG_Rushing_Attack_3_On_23/3_On_23_1-1_Horizontal
531000774	SS - Even 6-1	Class_4_3	SetType_None	football/Gameplay/playbooks/PlayLibrary/Formations/Defense/MG_Scramble_Survive/Scramble_Survive	football/Gameplay/playbooks/PlayLibrary/Formations/Defense/MG_Scramble_Survive/SS_-_Even_6-1
831031560	4-3 Over	Class_4_3	SetType_None	football/Gameplay/playbooks/PlayLibrary/Formations/Defense/MG_Screen/MG_Screen	football/Gameplay/playbooks/PlayLibrary/Formations/Defense/MG_Screen/4-3_Over/Screen_4-3_Over
1468	MG Trench Battle	Class_Nickel	SetType_None	football/Gameplay/playbooks/PlayLibrary/Formations/Defense/MG_Trench_Battle/MG_Trench_Battle	football/Gameplay/playbooks/PlayLibrary/Formations/Defense/MG_Trench_Battle/MG_Trench_Battle/MG_Trench_Battle
3273099680	MG Trench Battle Left	Class_Nickel	SetType_None	football/Gameplay/playbooks/PlayLibrary/Formations/Defense/MG_Trench_Battle/MG_Trench_Battle	football/Gameplay/playbooks/PlayLibrary/Formations/Defense/MG_Trench_Battle/MG_Trench_Battle_Left/MG_Trench_Battle_Left
3349876822	MG Trench Battle Right	Class_Nickel	SetType_None	football/Gameplay/playbooks/PlayLibrary/Formations/Defense/MG_Trench_Battle/MG_Trench_Battle	football/Gameplay/playbooks/PlayLibrary/Formations/Defense/MG_Trench_Battle/MG_Trench_Battle_Right/MG_Trench_Battle_Right
2343964831	Triangle Drill 1-1	Class_3_4	SetType_None	football/Gameplay/playbooks/PlayLibrary/Formations/Defense/MG_Triangle/Triangle_Drill	football/Gameplay/playbooks/PlayLibrary/Formations/Defense/MG_Triangle/Trianlge/Triangle_Drill_1-1_Horizontal
4132834919	Even Safteys	Class_3_4	SetType_None	football/Gameplay/playbooks/PlayLibrary/Formations/Defense/MG_WR_After_Catch_Master/MG_WR_After_Catch_Master_Def	football/Gameplay/playbooks/PlayLibrary/Formations/Defense/MG_WR_After_Catch_Master/ACM_Rep_2_Def_Formation_EvenSafteys
27336602	ACM Rep 2 Intense	Class_3_4	SetType_None	football/Gameplay/playbooks/PlayLibrary/Formations/Defense/MG_WR_After_Catch_Master/MG_WR_After_Catch_Master_Def	football/Gameplay/playbooks/PlayLibrary/Formations/Defense/MG_WR_After_Catch_Master/ACM_Rep_2_Def_Formation_Intense
2479548530	ACM_Rep_3	Class_3_4	SetType_None	football/Gameplay/playbooks/PlayLibrary/Formations/Defense/MG_WR_After_Catch_Master/MG_WR_After_Catch_Master_Def	football/Gameplay/playbooks/PlayLibrary/Formations/Defense/MG_WR_After_Catch_Master/ACM_Rep_3
1524130465	ACM Rep 3 Intense	Class_3_4	SetType_None	football/Gameplay/playbooks/PlayLibrary/Formations/Defense/MG_WR_After_Catch_Master/MG_WR_After_Catch_Master_Def	football/Gameplay/playbooks/PlayLibrary/Formations/Defense/MG_WR_After_Catch_Master/ACM_Rep_3_Def_Formation_Intense
3449731211	ACM_Rep_4	Class_3_4	SetType_None	football/Gameplay/playbooks/PlayLibrary/Formations/Defense/MG_WR_After_Catch_Master/MG_WR_After_Catch_Master_Def	football/Gameplay/playbooks/PlayLibrary/Formations/Defense/MG_WR_After_Catch_Master/ACM_Rep_4_Def_Formation
1782558009	ACM Rep 5	Class_3_4	SetType_None	football/Gameplay/playbooks/PlayLibrary/Formations/Defense/MG_WR_After_Catch_Master/MG_WR_After_Catch_Master_Def	football/Gameplay/playbooks/PlayLibrary/Formations/Defense/MG_WR_After_Catch_Master/ACM_Rep_5_Def_Formation
3422672273	ACM Rep 6	Class_3_4	SetType_None	football/Gameplay/playbooks/PlayLibrary/Formations/Defense/MG_WR_After_Catch_Master/MG_WR_After_Catch_Master_Def	football/Gameplay/playbooks/PlayLibrary/Formations/Defense/MG_WR_After_Catch_Master/ACM_Rep_6_Def_Formation
1525412489	ACM Rep 7	Class_3_4	SetType_None	football/Gameplay/playbooks/PlayLibrary/Formations/Defense/MG_WR_After_Catch_Master/MG_WR_After_Catch_Master_Def	football/Gameplay/playbooks/PlayLibrary/Formations/Defense/MG_WR_After_Catch_Master/ACM_Rep_7_Def_Formation
3005343359	ACM Rep 8	Class_3_4	SetType_None	football/Gameplay/playbooks/PlayLibrary/Formations/Defense/MG_WR_After_Catch_Master/MG_WR_After_Catch_Master_Def	football/Gameplay/playbooks/PlayLibrary/Formations/Defense/MG_WR_After_Catch_Master/ACM_Rep_8_Def_Formation
3467222854	MG Nickel Normal	Class_Nickel	SetType_None	football/Gameplay/playbooks/PlayLibrary/Formations/Defense/MG_WR_Battle_Press/MG_WR_Battle_Press	football/Gameplay/playbooks/PlayLibrary/Formations/Defense/MG_WR_Battle_Press/MG_Nickel_Normal/MG_Nickel_Normal_
263	2-4	Class_Nickel	SetType_None	football/Gameplay/playbooks/PlayLibrary/Formations/Defense/Nickel/Nickel	football/Gameplay/playbooks/PlayLibrary/Formations/Defense/Nickel/2-4/2-4
1067	2-4 Dbl Mug	Class_Nickel	SetType_None	football/Gameplay/playbooks/PlayLibrary/Formations/Defense/Nickel/Nickel	football/Gameplay/playbooks/PlayLibrary/Formations/Defense/Nickel/2-4_Dbl_Mug/2-4_Dbl_Mug
1677477063	2-4 Load	Class_Nickel	SetType_None	football/Gameplay/playbooks/PlayLibrary/Formations/Defense/Nickel/Nickel	football/Gameplay/playbooks/PlayLibrary/Formations/Defense/Nickel/2-4_Load/2-4_Load
1512000466	2-4 Load Dbl Mug	Class_Nickel	SetType_None	football/Gameplay/playbooks/PlayLibrary/Formations/Defense/Nickel/Nickel	football/Gameplay/playbooks/PlayLibrary/Formations/Defense/Nickel/2-4_Load_Dbl_Mug/2-4_Load_Dbl_Mug
2934311517	2-4 Load Mug	Class_Nickel	SetType_None	football/Gameplay/playbooks/PlayLibrary/Formations/Defense/Nickel/Nickel	football/Gameplay/playbooks/PlayLibrary/Formations/Defense/Nickel/2-4_Load_Mug/2-4_Load_Mug
1227	2-4 Odd Dbl Mug	Class_Nickel	SetType_None	football/Gameplay/playbooks/PlayLibrary/Formations/Defense/Nickel/Nickel	football/Gameplay/playbooks/PlayLibrary/Formations/Defense/Nickel/2-4_Odd_Dbl_Mug/2-4_Odd_Dbl_Mug
3547973876	2-4 Single Mug	Class_Nickel	SetType_None	football/Gameplay/playbooks/PlayLibrary/Formations/Defense/Nickel/Nickel	football/Gameplay/playbooks/PlayLibrary/Formations/Defense/Nickel/2-4_Single_Mug/2-4_Single_Mug
3885145866	2-4 Swap Dbl Mug	Class_Nickel	SetType_None	football/Gameplay/playbooks/PlayLibrary/Formations/Defense/Nickel/Nickel	football/Gameplay/playbooks/PlayLibrary/Formations/Defense/Nickel/2-4_Swap_Dbl_Mug/2-4_Swap_Dbl_Mug
4135903707	2-4 Wide	Class_Nickel	SetType_None	football/Gameplay/playbooks/PlayLibrary/Formations/Defense/Nickel/Nickel	football/Gameplay/playbooks/PlayLibrary/Formations/Defense/Nickel/2-4_Wide/2-4_Wide
137	3-3	Class_Nickel	SetType_None	football/Gameplay/playbooks/PlayLibrary/Formations/Defense/Nickel/Nickel	football/Gameplay/playbooks/PlayLibrary/Formations/Defense/Nickel/3-3/3-3
1031	3-3 Cub	Class_Nickel	SetType_None	football/Gameplay/playbooks/PlayLibrary/Formations/Defense/Nickel/Nickel	football/Gameplay/playbooks/PlayLibrary/Formations/Defense/Nickel/3-3_Cub/3-3_Cub
3506510090	3-3 Dbl Mug	Class_Nickel	SetType_None	football/Gameplay/playbooks/PlayLibrary/Formations/Defense/Nickel/Nickel	football/Gameplay/playbooks/PlayLibrary/Formations/Defense/Nickel/3-3_Dbl_Mug/3-3_Dbl_Mug
726202759	3-3 Load Dbl Mug	Class_Nickel	SetType_None	football/Gameplay/playbooks/PlayLibrary/Formations/Defense/Nickel/Nickel	football/Gameplay/playbooks/PlayLibrary/Formations/Defense/Nickel/3-3_Load_Dbl_Mug/3-3_Load_Dbl_Mug
3587702863	3-3 Load Mug	Class_Nickel	SetType_None	football/Gameplay/playbooks/PlayLibrary/Formations/Defense/Nickel/Nickel	football/Gameplay/playbooks/PlayLibrary/Formations/Defense/Nickel/3-3_Load_Mug/3-3_Load_Mug
1070	3-3 Odd	Class_Nickel	SetType_None	football/Gameplay/playbooks/PlayLibrary/Formations/Defense/Nickel/Nickel	football/Gameplay/playbooks/PlayLibrary/Formations/Defense/Nickel/3-3_Odd/3-3_Odd
838	3-3 Over	Class_Nickel	SetType_None	football/Gameplay/playbooks/PlayLibrary/Formations/Defense/Nickel/Nickel	football/Gameplay/playbooks/PlayLibrary/Formations/Defense/Nickel/3-3_Over/3-3_Over
841	3-3 Over Jack	Class_Nickel	SetType_None	football/Gameplay/playbooks/PlayLibrary/Formations/Defense/Nickel/Nickel	football/Gameplay/playbooks/PlayLibrary/Formations/Defense/Nickel/3-3_Over_Jack/3-3_Over_Jack
2608386723	3-3 Single Mug	Class_Nickel	SetType_None	football/Gameplay/playbooks/PlayLibrary/Formations/Defense/Nickel/Nickel	football/Gameplay/playbooks/PlayLibrary/Formations/Defense/Nickel/3-3_Single_Mug/3_3_Single_Mug
101642178	3-3 Swap Dbl Mug	Class_Nickel	SetType_None	football/Gameplay/playbooks/PlayLibrary/Formations/Defense/Nickel/Nickel	football/Gameplay/playbooks/PlayLibrary/Formations/Defense/Nickel/3-3_Swap_Dbl_Mug/3-3_Swap_Dbl_Mug
3470579134	3-3 Wide Jack	Class_Nickel	SetType_None	football/Gameplay/playbooks/PlayLibrary/Formations/Defense/Nickel/Nickel	football/Gameplay/playbooks/PlayLibrary/Formations/Defense/Nickel/3-3_Wide_Jack/3-3_Wide_Jack
1060	Double Mug	Class_Nickel	SetType_None	football/Gameplay/playbooks/PlayLibrary/Formations/Defense/Nickel/Nickel	football/Gameplay/playbooks/PlayLibrary/Formations/Defense/Nickel/Double_Mug/Double_Mug
2375951185	Load	Class_Nickel	SetType_None	football/Gameplay/playbooks/PlayLibrary/Formations/Defense/Nickel/Nickel	football/Gameplay/playbooks/PlayLibrary/Formations/Defense/Nickel/Load/Load
509930231	Load Dbl Mug	Class_Nickel	SetType_None	football/Gameplay/playbooks/PlayLibrary/Formations/Defense/Nickel/Nickel	football/Gameplay/playbooks/PlayLibrary/Formations/Defense/Nickel/Load_Dbl_Mug/Load_Dbl_Mug
3812758399	Load Mug	Class_Nickel	SetType_None	football/Gameplay/playbooks/PlayLibrary/Formations/Defense/Nickel/Nickel	football/Gameplay/playbooks/PlayLibrary/Formations/Defense/Nickel/Load_Mug/Load_Mug
35	Over	Class_Nickel	SetType_None	football/Gameplay/playbooks/PlayLibrary/Formations/Defense/Nickel/Nickel	football/Gameplay/playbooks/PlayLibrary/Formations/Defense/Nickel/Over/Over
684131661	Single Mug	Class_Nickel	SetType_None	football/Gameplay/playbooks/PlayLibrary/Formations/Defense/Nickel/Nickel	football/Gameplay/playbooks/PlayLibrary/Formations/Defense/Nickel/Single_Mug/Single_Mug
705920276	Swap Dbl Mug	Class_Nickel	SetType_None	football/Gameplay/playbooks/PlayLibrary/Formations/Defense/Nickel/Nickel	football/Gameplay/playbooks/PlayLibrary/Formations/Defense/Nickel/Swap_Dbl_Mug/Swap_Dbl_Mug
1229	Triple	Class_Nickel	SetType_None	football/Gameplay/playbooks/PlayLibrary/Formations/Defense/Nickel/Nickel	football/Gameplay/playbooks/PlayLibrary/Formations/Defense/Nickel/Triple/Triple
826	Wide	Class_Nickel	SetType_None	football/Gameplay/playbooks/PlayLibrary/Formations/Defense/Nickel/Nickel	football/Gameplay/playbooks/PlayLibrary/Formations/Defense/Nickel/Wide/Wide
960041737	NST 3 Defenders	Class_3_4	SetType_None	football/Gameplay/playbooks/PlayLibrary/Formations/Defense/NST_Tutorials_Defense/NST_Tutorials_Defense	football/Gameplay/playbooks/PlayLibrary/Formations/Defense/NST_Tutorials_Defense/NST_3_Defenders/NST_3_Defenders
3657007338	4-3 Over	Class_4_3	SetType_None	football/Gameplay/playbooks/PlayLibrary/Formations/Defense/NST_Tutorials_Defense/NST_Tutorials_Defense	football/Gameplay/playbooks/PlayLibrary/Formations/Defense/NST_Tutorials_Defense/NST_4-3_Over/NST_4-3_Over
1795242501	NST Dime 3-2-6	Class_Dollar	SetType_None	football/Gameplay/playbooks/PlayLibrary/Formations/Defense/NST_Tutorials_Defense/NST_Tutorials_Defense	football/Gameplay/playbooks/PlayLibrary/Formations/Defense/NST_Tutorials_Defense/NST_Dime_3_2_6/NST_Dime-3-2-6
3787603330	NST Field Goal Block Left	Class_FGBlock	SetType_None	football/Gameplay/playbooks/PlayLibrary/Formations/Defense/NST_Tutorials_Defense/NST_Tutorials_Defense	football/Gameplay/playbooks/PlayLibrary/Formations/Defense/NST_Tutorials_Defense/NST_Field_Goal_Block_Left/NST_Field_Goal_Block_Left
3750955280	NST Goal Line Defense 5-3	Class_GoallineDefense	SetType_Goalline	football/Gameplay/playbooks/PlayLibrary/Formations/Defense/NST_Tutorials_Defense/NST_Tutorials_Defense	football/Gameplay/playbooks/PlayLibrary/Formations/Defense/NST_Tutorials_Defense/NST_Goal_Line_Defense_5-3/NST_Goal_Line_Defense_5-3
3890290227	NST Nickel Skeleton	Class_Nickel	SetType_None	football/Gameplay/playbooks/PlayLibrary/Formations/Defense/NST_Tutorials_Defense/NST_Tutorials_Defense	football/Gameplay/playbooks/PlayLibrary/Formations/Defense/NST_Tutorials_Defense/NST_Nickel_Skeleton/NST_Nickel_Skeleton
2774071552	NST Normal Kick Return	Class_KickReturn	SetType_None	football/Gameplay/playbooks/PlayLibrary/Formations/Defense/NST_Tutorials_Defense/NST_Tutorials_Defense	football/Gameplay/playbooks/PlayLibrary/Formations/Defense/NST_Tutorials_Defense/NST_Normal_Kick_Return/NST_Normal_Kick_Return
3436455985	NST Landing Zone NFL Kick Return	Class_KickReturn	SetType_None	football/Gameplay/playbooks/PlayLibrary/Formations/Defense/NST_Tutorials_Defense/NST_Tutorials_Defense	football/Gameplay/playbooks/PlayLibrary/Formations/Defense/NST_Tutorials_Defense/NST_NST_LandingZone_NFL_Kick_Return/NST_LandingZone_NFL_Kick_Return
2558932736	NST Onside Base	Class_OnsideReturn	SetType_None	football/Gameplay/playbooks/PlayLibrary/Formations/Defense/NST_Tutorials_Defense/NST_Tutorials_Defense	football/Gameplay/playbooks/PlayLibrary/Formations/Defense/NST_Tutorials_Defense/NST_Onside_Base/NST_Onside_Base
3649696723	NST Punt Return 33 Even	Class_PuntReturn	SetType_None	football/Gameplay/playbooks/PlayLibrary/Formations/Defense/NST_Tutorials_Defense/NST_Tutorials_Defense	football/Gameplay/playbooks/PlayLibrary/Formations/Defense/NST_Tutorials_Defense/NST_Punt_Return_33_Even/NST_Punt_Return_33_Even
1225	3 Deep	Class_Quarter	SetType_None	football/Gameplay/playbooks/PlayLibrary/Formations/Defense/Prevent/Prevent	football/Gameplay/playbooks/PlayLibrary/Formations/Defense/Prevent/3_Deep/3_Deep
835	1-3-7	Class_Quarter	SetType_None	football/Gameplay/playbooks/PlayLibrary/Formations/Defense/Quarter/Quarter	football/Gameplay/playbooks/PlayLibrary/Formations/Defense/Quarter/1-3-7/1-3-7
109	Normal	Class_Quarter	SetType_None	football/Gameplay/playbooks/PlayLibrary/Formations/Defense/Quarter/Quarter	football/Gameplay/playbooks/PlayLibrary/Formations/Defense/Quarter/Normal/Normal
1119	Over Load	Class_Quarter	SetType_None	football/Gameplay/playbooks/PlayLibrary/Formations/Defense/Quarter/Quarter	football/Gameplay/playbooks/PlayLibrary/Formations/Defense/Quarter/Over_Load/Over_Load
1311	3 on 3	Class_3_4	SetType_None	football/Gameplay/playbooks/PlayLibrary/Formations/Defense/Small_Sided/Small_Sided	football/Gameplay/playbooks/PlayLibrary/Formations/Defense/Small_Sided/3_on_3/3_on_3
1328	3 on 3 CB Left	Class_Nickel	SetType_None	football/Gameplay/playbooks/PlayLibrary/Formations/Defense/Small_Sided/Small_Sided	football/Gameplay/playbooks/PlayLibrary/Formations/Defense/Small_Sided/3_on_3_CB_Left/3_on_3_CB_Left
1280	6 on 6 Goalline	Class_Nickel	SetType_None	football/Gameplay/playbooks/PlayLibrary/Formations/Defense/Small_Sided/Small_Sided	football/Gameplay/playbooks/PlayLibrary/Formations/Defense/Small_Sided/6_on_6_Goalline/6_on_6_Goalline
1237	6 on 6 One Deep	Class_Nickel	SetType_None	football/Gameplay/playbooks/PlayLibrary/Formations/Defense/Small_Sided/Small_Sided	football/Gameplay/playbooks/PlayLibrary/Formations/Defense/Small_Sided/6_on_6_One_Deep/6_on_6_One_Deep
1238	6 on 6 Two Deep	Class_Nickel	SetType_None	football/Gameplay/playbooks/PlayLibrary/Formations/Defense/Small_Sided/Small_Sided	football/Gameplay/playbooks/PlayLibrary/Formations/Defense/Small_Sided/6_on_6_Two_Deep/6_on_6_Two_Deep
1050	Field Goal Block Left	Class_FGBlock	SetType_None	football/Gameplay/playbooks/PlayLibrary/Formations/Defense/Special/Special	football/Gameplay/playbooks/PlayLibrary/Formations/Defense/Special/Field_Goal_Block_Left/Field_Goal_Block_Left
1034	Field Goal Block Right	Class_FGBlock	SetType_Trips	football/Gameplay/playbooks/PlayLibrary/Formations/Defense/Special/Special	football/Gameplay/playbooks/PlayLibrary/Formations/Defense/Special/Field_Goal_Block_Right/Field_Goal_Block_Right
501	Field Goal Return	Class_FGReturn	SetType_None	football/Gameplay/playbooks/PlayLibrary/Formations/Defense/Special/Special	football/Gameplay/playbooks/PlayLibrary/Formations/Defense/Special/Field_Goal_Return/Field_Goal_Return
39	Punt Block 44 Even	Class_PuntBlock	SetType_None	football/Gameplay/playbooks/PlayLibrary/Formations/Defense/Special/Special	football/Gameplay/playbooks/PlayLibrary/Formations/Defense/Special/Punt_Block_44_Even/Punt_Block_44_Even
1112	Punt Return 33 Even	Class_PuntReturn	SetType_None	football/Gameplay/playbooks/PlayLibrary/Formations/Defense/Special/Special	football/Gameplay/playbooks/PlayLibrary/Formations/Defense/Special/Punt_Return_33_Even/Punt_Return_33_Even
822	Punt Safe	Class_PuntReturn	SetType_None	football/Gameplay/playbooks/PlayLibrary/Formations/Defense/Special/Special	football/Gameplay/playbooks/PlayLibrary/Formations/Defense/Special/Punt_Safe/Punt_Safe
3589585359	Standard Man	Class_Dime	SetType_None	football/Gameplay/playbooks/PlayLibrary/Formations/Defense/4-3/4-3	football/Gameplay/playbooks/PlayLibrary/Formations/Flag/5on5/Defense/FF_Man
2302302545	Punt Safe	Class_PuntReturn	SetType_None	football/Gameplay/playbooks/PlayLibrary/Formations/Defense/Special/Special	football/Gameplay/playbooks/PlayLibrary/Formations/Flag/5on5/Defense/Special/FF_Safe_Punt_Return
2870466857	Double Backs	Class_Pistol	SetType_ThreeWR	football/Gameplay/playbooks/PlayLibrary/Formations/Offense/Pistol/Pistol	football/Gameplay/playbooks/PlayLibrary/Formations/Flag/5on5/Offense/Pistol/FF_DoubleBacks/FF_Double_Backs
2312201765	Singleback	Class_Pistol	SetType_ThreeWR	football/Gameplay/playbooks/PlayLibrary/Formations/Offense/Pistol/Pistol	football/Gameplay/playbooks/PlayLibrary/Formations/Flag/5on5/Offense/Pistol/Singleback/FF_Singleback
3330525676	Gun Bunch	Class_Shotgun	SetType_ThreeWR	football/Gameplay/playbooks/PlayLibrary/Formations/Offense/Shotgun/Shotgun	football/Gameplay/playbooks/PlayLibrary/Formations/Flag/5on5/Offense/Shotgun/FF_Gun_Bunch/FF_Gun_Bunch
2533366603	Gun Spread Rt	Class_Shotgun	SetType_ThreeWR	football/Gameplay/playbooks/PlayLibrary/Formations/Offense/Shotgun/Shotgun	football/Gameplay/playbooks/PlayLibrary/Formations/Flag/5on5/Offense/Shotgun/FF_Gun_SpreadRt/FF_Gun_Spread_Rt
351633863	Gun Trips	Class_Shotgun	SetType_ThreeWR	football/Gameplay/playbooks/PlayLibrary/Formations/Offense/Shotgun/Shotgun	football/Gameplay/playbooks/PlayLibrary/Formations/Flag/5on5/Offense/Shotgun/FF_Gun_Trips/FF_Gun_Trips
1729729122	Gun Twins	Class_Shotgun	SetType_ThreeWR	football/Gameplay/playbooks/PlayLibrary/Formations/Offense/Shotgun/Shotgun	football/Gameplay/playbooks/PlayLibrary/Formations/Flag/5on5/Offense/Shotgun/FF_Gun_Twins/FF_Gun_Twins
1671712087	Punt	Class_Punt	SetType_None	football/Gameplay/playbooks/PlayLibrary/Formations/Offense/Special/Special	football/Gameplay/playbooks/PlayLibrary/Formations/Flag/5on5/Offense/Special/FF_Punt_Standard
4145413889	Heavy Landing Zone NFL Kickoff	Class_Kickoff	SetType_None	football/Gameplay/playbooks/PlayLibrary/Formations/Kickoff/Kickoff/Kickoff	football/Gameplay/playbooks/PlayLibrary/Formations/Kickoff/Kickoff/LandingZone_NFL_Kickoff/LandingZone_Heavy_Kickoff
1048388726	Landing Zone NFL Kickoff	Class_Kickoff	SetType_None	football/Gameplay/playbooks/PlayLibrary/Formations/Kickoff/Kickoff/Kickoff	football/Gameplay/playbooks/PlayLibrary/Formations/Kickoff/Kickoff/LandingZone_NFL_Kickoff/LandingZone_NFL_Kickoff
1162	NFL Kickoff	Class_Kickoff	SetType_None	football/Gameplay/playbooks/PlayLibrary/Formations/Kickoff/Kickoff/Kickoff	football/Gameplay/playbooks/PlayLibrary/Formations/Kickoff/Kickoff/NFL_Kickoff/NFL_Kickoff
1366	NFL Onside Kick	Class_OnsideKick	SetType_None	football/Gameplay/playbooks/PlayLibrary/Formations/Kickoff/Kickoff/Kickoff	football/Gameplay/playbooks/PlayLibrary/Formations/Kickoff/Kickoff/NFL_Onside_Kick/NFL_Onside_Kick
1365	NFL Onside Kick 2	Class_OnsideKick	SetType_None	football/Gameplay/playbooks/PlayLibrary/Formations/Kickoff/Kickoff/Kickoff	football/Gameplay/playbooks/PlayLibrary/Formations/Kickoff/Kickoff/NFL_Onside_Kick_2/NFL_Onside_Kick_2
1166	NFL Onside Kick 3	Class_OnsideKick	SetType_None	football/Gameplay/playbooks/PlayLibrary/Formations/Kickoff/Kickoff/Kickoff	football/Gameplay/playbooks/PlayLibrary/Formations/Kickoff/Kickoff/NFL_Onside_Kick_3/NFL_Onside_Kick_3
3835698412	New NFL Kick Return Heavy	Class_KickReturn	SetType_None	football/Gameplay/playbooks/PlayLibrary/Formations/KickReturn/Kick_Return/Kick_Return	football/Gameplay/playbooks/PlayLibrary/Formations/KickReturn/Kick_Return/LandingZone_NFL_Kick_Return/LandingZone_Heavy_Kick_Return
3847038490	Landing Zone NFL Kick Return	Class_KickReturn	SetType_None	football/Gameplay/playbooks/PlayLibrary/Formations/KickReturn/Kick_Return/Kick_Return	football/Gameplay/playbooks/PlayLibrary/Formations/KickReturn/Kick_Return/LandingZone_NFL_Kick_Return/LandingZone_NFL_Kick_Return
4193954734	Landing Zone NFL Trick Kick Return	Class_KickReturn	SetType_None	football/Gameplay/playbooks/PlayLibrary/Formations/KickReturn/Kick_Return/Kick_Return	football/Gameplay/playbooks/PlayLibrary/Formations/KickReturn/Kick_Return/LandingZone_NFL_Kick_Return/Trick/LandingZone_NFL_Trick_Kick_Return
1377	NFL Kick Return	Class_KickReturn	SetType_None	football/Gameplay/playbooks/PlayLibrary/Formations/KickReturn/Kick_Return/Kick_Return	football/Gameplay/playbooks/PlayLibrary/Formations/KickReturn/Kick_Return/NFL_Kick_Return/NFL_Kick_Return
1373	Onside Base	Class_OnsideReturn	SetType_None	football/Gameplay/playbooks/PlayLibrary/Formations/KickReturn/Kick_Return/Kick_Return	football/Gameplay/playbooks/PlayLibrary/Formations/KickReturn/Kick_Return/Onside_Base/Onside_Base
1312	Onside Heavy	Class_OnsideReturn	SetType_None	football/Gameplay/playbooks/PlayLibrary/Formations/KickReturn/Kick_Return/Kick_Return	football/Gameplay/playbooks/PlayLibrary/Formations/KickReturn/Kick_Return/Onside_Heavy/Onside_Heavy
1368	Onside Small	Class_OnsideReturn	SetType_None	football/Gameplay/playbooks/PlayLibrary/Formations/KickReturn/Kick_Return/Kick_Return	football/Gameplay/playbooks/PlayLibrary/Formations/KickReturn/Kick_Return/Onside_Small/Onside_Small
241954974	7 on 7 Slot Flex	Class_Shotgun	SetType_None	football/Gameplay/playbooks/PlayLibrary/Formations/Offense/Combine_Drills/ST_Combine_Drills	football/Gameplay/playbooks/PlayLibrary/Formations/Offense/Combine_Drills/7on7_Slot_Flex/7_on_7_Slot_Flex
1918925075	Ace	Class_Under_Center	SetType_Normal	football/Gameplay/playbooks/PlayLibrary/Formations/Offense/Combine_Drills/ST_Combine_Drills	football/Gameplay/playbooks/PlayLibrary/Formations/Offense/Combine_Drills/Ace/Ace
1232447774	Lob 1	Class_Shotgun	SetType_None	football/Gameplay/playbooks/PlayLibrary/Formations/Offense/Combine_Drills/ST_Combine_Drills	football/Gameplay/playbooks/PlayLibrary/Formations/Offense/Combine_Drills/Lob_1/Lob_1
3115692980	P1 Total Control Passing	Class_Under_Center	SetType_None	football/Gameplay/playbooks/PlayLibrary/Formations/Offense/Combine_Drills/ST_Combine_Drills	football/Gameplay/playbooks/PlayLibrary/Formations/Offense/Combine_Drills/P1_Total_Control_Passing/P1_Total_Control_Passing
3750049966	P1_User Catching	Class_Under_Center	SetType_None	football/Gameplay/playbooks/PlayLibrary/Formations/Offense/Combine_Drills/ST_Combine_Drills	football/Gameplay/playbooks/PlayLibrary/Formations/Offense/Combine_Drills/P1_User_Catching/P1_User_Catching
2914933608	P2 User Catching	Class_Shotgun	SetType_None	football/Gameplay/playbooks/PlayLibrary/Formations/Offense/Combine_Drills/ST_Combine_Drills	football/Gameplay/playbooks/PlayLibrary/Formations/Offense/Combine_Drills/P2_Gun_y_Trips_HB_Wk/P2_Gun_Y-_Trips_HB_Wk
71	FakePuntDirectSnap	Class_Punt	SetType_None	football/Gameplay/playbooks/PlayLibrary/Formations/Offense/Direct_Snaps/Direct_Snaps	football/Gameplay/playbooks/PlayLibrary/Formations/Offense/Direct_Snaps/FakePuntDirectSnap/FakePuntDirectSnap
222	Pro	Class_Under_Center	SetType_Normal	football/Gameplay/playbooks/PlayLibrary/Formations/Offense/Far/Far	football/Gameplay/playbooks/PlayLibrary/Formations/Offense/Far/Pro/Pro
60	Slot	Class_Under_Center	SetType_Normal	football/Gameplay/playbooks/PlayLibrary/Formations/Offense/Far/Far	football/Gameplay/playbooks/PlayLibrary/Formations/Offense/Far/Slot/Slot
214	Tight Slot	Class_Under_Center	SetType_Normal	football/Gameplay/playbooks/PlayLibrary/Formations/Offense/Far/Far	football/Gameplay/playbooks/PlayLibrary/Formations/Offense/Far/Tight_Slot/Tight_Slot
562	Close	Class_Under_Center	SetType_Normal	football/Gameplay/playbooks/PlayLibrary/Formations/Offense/Flexbone/Flexbone	football/Gameplay/playbooks/PlayLibrary/Formations/Offense/Flexbone/Close/Close
431	Normal	Class_Under_Center	SetType_Normal	football/Gameplay/playbooks/PlayLibrary/Formations/Offense/Flexbone/Flexbone	football/Gameplay/playbooks/PlayLibrary/Formations/Offense/Flexbone/Normal/Normal
563	Trio Right	Class_Under_Center	SetType_ThreeWR	football/Gameplay/playbooks/PlayLibrary/Formations/Offense/Flexbone/Flexbone	football/Gameplay/playbooks/PlayLibrary/Formations/Offense/Flexbone/Trio_Right/Trio_Right
160	Normal	Class_Under_Center	SetType_Big	football/Gameplay/playbooks/PlayLibrary/Formations/Offense/Full_House/Full_House	football/Gameplay/playbooks/PlayLibrary/Formations/Offense/Full_House/Normal/Normal
198	Normal Wide	Class_Under_Center	SetType_Normal	football/Gameplay/playbooks/PlayLibrary/Formations/Offense/Full_House/Full_House	football/Gameplay/playbooks/PlayLibrary/Formations/Offense/Full_House/Normal_Wide/Normal_Wide
3833725115	Tight	Class_Under_Center	SetType_Big	football/Gameplay/playbooks/PlayLibrary/Formations/Offense/Full_House/Full_House	football/Gameplay/playbooks/PlayLibrary/Formations/Offense/Full_House/Tight/Tight
9	Normal	Class_GoallineOffense	SetType_Goalline	football/Gameplay/playbooks/PlayLibrary/Formations/Offense/Goal_Line_Offense/Goal_Line_Offense	football/Gameplay/playbooks/PlayLibrary/Formations/Offense/Goal_Line_Offense/Normal/Normal
3257369758	Sneak	Class_Under_Center	SetType_Goalline	football/Gameplay/playbooks/PlayLibrary/Formations/Offense/Goal_Line_Offense/Goal_Line_Offense	football/Gameplay/playbooks/PlayLibrary/Formations/Offense/Goal_Line_Offense/Sneak/Sneak
1165	Spread	Class_HailMary	SetType_ThreeWR	football/Gameplay/playbooks/PlayLibrary/Formations/Offense/Hail_Mary/Hail_Mary	football/Gameplay/playbooks/PlayLibrary/Formations/Offense/Hail_Mary/Spread/Spread
1164	Trio	Class_HailMary	SetType_Trips	football/Gameplay/playbooks/PlayLibrary/Formations/Offense/Hail_Mary/Hail_Mary	football/Gameplay/playbooks/PlayLibrary/Formations/Offense/Hail_Mary/Trio/Trio
197	Close	Class_Under_Center	SetType_Normal	football/Gameplay/playbooks/PlayLibrary/Formations/Offense/I_Form/I_Form	football/Gameplay/playbooks/PlayLibrary/Formations/Offense/I_Form/Close/Close
193	Close Flex	Class_Under_Center	SetType_Normal	football/Gameplay/playbooks/PlayLibrary/Formations/Offense/I_Form/I_Form	football/Gameplay/playbooks/PlayLibrary/Formations/Offense/I_Form/Close_Flex/Close_Flex
398	H Pro	Class_Under_Center	SetType_Normal	football/Gameplay/playbooks/PlayLibrary/Formations/Offense/I_Form/I_Form	football/Gameplay/playbooks/PlayLibrary/Formations/Offense/I_Form/H_Pro/H_Pro
653	H Tight	Class_Under_Center	SetType_Big	football/Gameplay/playbooks/PlayLibrary/Formations/Offense/I_Form/I_Form	football/Gameplay/playbooks/PlayLibrary/Formations/Offense/I_Form/H_Tight/H_Tight
654	H Wing	Class_Under_Center	SetType_Big	football/Gameplay/playbooks/PlayLibrary/Formations/Offense/I_Form/I_Form	football/Gameplay/playbooks/PlayLibrary/Formations/Offense/I_Form/H_Wing/H_Wing
905	Hulk	Class_Under_Center	SetType_Overload	football/Gameplay/playbooks/PlayLibrary/Formations/Offense/I_Form/I_Form	football/Gameplay/playbooks/PlayLibrary/Formations/Offense/I_Form/Hulk/Hulk
3	Pro	Class_Under_Center	SetType_Normal	football/Gameplay/playbooks/PlayLibrary/Formations/Offense/I_Form/I_Form	football/Gameplay/playbooks/PlayLibrary/Formations/Offense/I_Form/Pro/Pro
61	Slot	Class_Under_Center	SetType_Normal	football/Gameplay/playbooks/PlayLibrary/Formations/Offense/I_Form/I_Form	football/Gameplay/playbooks/PlayLibrary/Formations/Offense/I_Form/Slot/Slot
1170	Slot Close	Class_Under_Center	SetType_Normal	football/Gameplay/playbooks/PlayLibrary/Formations/Offense/I_Form/I_Form	football/Gameplay/playbooks/PlayLibrary/Formations/Offense/I_Form/Slot_Close/Slot_Close
396	Slot Flex	Class_Under_Center	SetType_Normal	football/Gameplay/playbooks/PlayLibrary/Formations/Offense/I_Form/I_Form	football/Gameplay/playbooks/PlayLibrary/Formations/Offense/I_Form/Slot_Flex/Slot_Flex
16	Slot Open	Class_Under_Center	SetType_ThreeWR	football/Gameplay/playbooks/PlayLibrary/Formations/Offense/I_Form/I_Form	football/Gameplay/playbooks/PlayLibrary/Formations/Offense/I_Form/Slot_Open/Slot_Open
1211	Slot Stack	Class_Under_Center	SetType_Normal	football/Gameplay/playbooks/PlayLibrary/Formations/Offense/I_Form/I_Form	football/Gameplay/playbooks/PlayLibrary/Formations/Offense/I_Form/Slot_Stack/Slot_Stack
22	Tight	Class_Under_Center	SetType_Big	football/Gameplay/playbooks/PlayLibrary/Formations/Offense/I_Form/I_Form	football/Gameplay/playbooks/PlayLibrary/Formations/Offense/I_Form/Tight/Tight
394	Wing	Class_Under_Center	SetType_Big	football/Gameplay/playbooks/PlayLibrary/Formations/Offense/I_Form/I_Form	football/Gameplay/playbooks/PlayLibrary/Formations/Offense/I_Form/Wing/Wing
2740547924	Wing Over	Class_Under_Center	SetType_Big	football/Gameplay/playbooks/PlayLibrary/Formations/Offense/I_Form/I_Form	football/Gameplay/playbooks/PlayLibrary/Formations/Offense/I_Form/Wing_Over/Wing_Over
554	Y Off	Class_Under_Center	SetType_Normal	football/Gameplay/playbooks/PlayLibrary/Formations/Offense/I_Form/I_Form	football/Gameplay/playbooks/PlayLibrary/Formations/Offense/I_Form/Y_Off/Y_Off
1278	Y Off Close	Class_Under_Center	SetType_Normal	football/Gameplay/playbooks/PlayLibrary/Formations/Offense/I_Form/I_Form	football/Gameplay/playbooks/PlayLibrary/Formations/Offense/I_Form/Y_Off_Close/Y_Off_Close
4087001173	Close	Class_Under_Center	SetType_Jumbo	football/Gameplay/playbooks/PlayLibrary/Formations/Offense/Maryland_I/Maryland_I	football/Gameplay/playbooks/PlayLibrary/Formations/Offense/Maryland_I/Close/Close
665	Heavy	Class_Under_Center	SetType_Jumbo	football/Gameplay/playbooks/PlayLibrary/Formations/Offense/Maryland_I/Maryland_I	football/Gameplay/playbooks/PlayLibrary/Formations/Offense/Maryland_I/Heavy/Heavy
726326243	Tight Close	Class_Under_Center	SetType_Jumbo	football/Gameplay/playbooks/PlayLibrary/Formations/Offense/Maryland_I/Maryland_I	football/Gameplay/playbooks/PlayLibrary/Formations/Offense/Maryland_I/Tight_Close/Tight_Close
3524936945	Normal	Class_Under_Center	SetType_Jumbo	football/Gameplay/playbooks/PlayLibrary/Formations/Offense/MG_3_On_23/MG_3_On_23	football/Gameplay/playbooks/PlayLibrary/Formations/Offense/MG_3_On_23/Normal/Normal
1458	Backfield Survival	Class_Under_Center	SetType_Normal	football/Gameplay/playbooks/PlayLibrary/Formations/Offense/MG_Backfield_Survival/MG_Backfield_Survival	football/Gameplay/playbooks/PlayLibrary/Formations/Offense/MG_Backfield_Survival/Backfield_Survival/Backfield_Survival
1482	CS Gun Bunch	Class_Shotgun	SetType_None	football/Gameplay/playbooks/PlayLibrary/Formations/Offense/MG_Coverage_Skeleton/MG_Coverage_Skeleton	football/Gameplay/playbooks/PlayLibrary/Formations/Offense/MG_Coverage_Skeleton/CS_Gun_Bunch/CS_Gun_Bunch
1481	CS Gun Doubles	Class_Shotgun	SetType_None	football/Gameplay/playbooks/PlayLibrary/Formations/Offense/MG_Coverage_Skeleton/MG_Coverage_Skeleton	football/Gameplay/playbooks/PlayLibrary/Formations/Offense/MG_Coverage_Skeleton/CS_Gun_Doubles/CS_Gun_Doubles
408344005	GD 1 Blocker	Class_Under_Center	SetType_None	football/Gameplay/playbooks/PlayLibrary/Formations/Offense/MG_Gap_Drill/MG_Gap_Drill	football/Gameplay/playbooks/PlayLibrary/Formations/Offense/MG_Gap_Drill/GD_1_Blocker/GD_1_Blocker
47663610	Doubles Y Off Close	Class_Under_Center	SetType_ThreeWR	football/Gameplay/playbooks/PlayLibrary/Formations/Offense/MG_Ground_Control/MG_Ground_Control	football/Gameplay/playbooks/PlayLibrary/Formations/Offense/MG_Ground_Control/Doubles_Y_Off_Close_GC/Doubles_Y_Off_Close_GC
3666971222	Doubles Y Off	Class_Shotgun	SetType_ThreeWR	football/Gameplay/playbooks/PlayLibrary/Formations/Offense/MG_Ground_Control/MG_Ground_Control	football/Gameplay/playbooks/PlayLibrary/Formations/Offense/MG_Ground_Control/Doubles_Y_Off_GC/Doubles_Y_Off_GC
2418388702	Tight Y Off	Class_Under_Center	SetType_ThreeWR	football/Gameplay/playbooks/PlayLibrary/Formations/Offense/MG_Ground_Control/MG_Ground_Control	football/Gameplay/playbooks/PlayLibrary/Formations/Offense/MG_Ground_Control/Tight_Y_Off_GC/Tight_Y_Off_GC
4230102075	Doubles HB Wk	Class_Shotgun	SetType_ThreeWR	football/Gameplay/playbooks/PlayLibrary/Formations/Offense/MG_Ground_Control_Gap_Runs/MG_Ground_Control_Gap_Runs	football/Gameplay/playbooks/PlayLibrary/Formations/Offense/MG_Ground_Control_Gap_Runs/Doubles_HB_Wk/Doubles_HB_Wk_GC
1898245324	Doubles Y Off	Class_Shotgun	SetType_ThreeWR	football/Gameplay/playbooks/PlayLibrary/Formations/Offense/MG_Ground_Control_Gap_Runs/MG_Ground_Control_Gap_Runs	football/Gameplay/playbooks/PlayLibrary/Formations/Offense/MG_Ground_Control_Gap_Runs/Doubles_Y_Off_GC/Doubles_Y_Off_GC
1329085932	Close	Class_Under_Center	SetType_Normal	football/Gameplay/playbooks/PlayLibrary/Formations/Offense/MG_Ground_Control_Option/MG_Ground_Control_Option	football/Gameplay/playbooks/PlayLibrary/Formations/Offense/MG_Ground_Control_Option/Close/Close
303845446	Normal	Class_Under_Center	SetType_Normal	football/Gameplay/playbooks/PlayLibrary/Formations/Offense/MG_Ground_Control_Option/MG_Ground_Control_Option	football/Gameplay/playbooks/PlayLibrary/Formations/Offense/MG_Ground_Control_Option/Normal/Normal
399407845	Normal Lead Blocker	Class_Under_Center	SetType_Normal	football/Gameplay/playbooks/PlayLibrary/Formations/Offense/MG_Ground_Control_Option/MG_Ground_Control_Option	football/Gameplay/playbooks/PlayLibrary/Formations/Offense/MG_Ground_Control_Option/Normal_Lead_Blocker/Normal_Lead_Blocker
3830305818	Doubles	Class_Under_Center	SetType_ThreeWR	football/Gameplay/playbooks/PlayLibrary/Formations/Offense/MG_Ground_Control_Zone_Runs/MG_Ground_Control_Zone_Runs	football/Gameplay/playbooks/PlayLibrary/Formations/Offense/MG_Ground_Control_Zone_Runs/Doubles_GC/Doubles_GC
2658023480	Doubles Y Off	Class_Shotgun	SetType_ThreeWR	football/Gameplay/playbooks/PlayLibrary/Formations/Offense/MG_Ground_Control_Zone_Runs/MG_Ground_Control_Zone_Runs	football/Gameplay/playbooks/PlayLibrary/Formations/Offense/MG_Ground_Control_Zone_Runs/Doubles_Y_Off_GC/Doubles_Y_Off_GC_
3414165275	Empty Trips TE	Class_Shotgun	SetType_Empty	football/Gameplay/playbooks/PlayLibrary/Formations/Offense/MG_Halfline/MG_Halfline	football/Gameplay/playbooks/PlayLibrary/Formations/Offense/MG_Halfline/MG_Empty_Academy_Halfline/MG_Empty_Academy_Halfline
449154469	Open Flex Wk	Class_Shotgun	SetType_ThreeWR	football/Gameplay/playbooks/PlayLibrary/Formations/Offense/MG_Halfline/MG_Halfline	football/Gameplay/playbooks/PlayLibrary/Formations/Offense/MG_Halfline/MG_open_Flex_Wk_Halfline_Drill/MG_Open_Flex_Wk_Halfline_Drill
207848084	Spread	Class_Shotgun	SetType_FourWR	football/Gameplay/playbooks/PlayLibrary/Formations/Offense/MG_Halfline/MG_Halfline	football/Gameplay/playbooks/PlayLibrary/Formations/Offense/MG_Halfline/MG_Spread/Spread_MG
1169129129	Trio Y Over	Class_Shotgun	SetType_Trips	football/Gameplay/playbooks/PlayLibrary/Formations/Offense/MG_Halfline/MG_Halfline	football/Gameplay/playbooks/PlayLibrary/Formations/Offense/MG_Halfline/MG_Trio_Y_Over_Halfline/MG_Trio_Y_Over_Halfline
114026820	HB Combine Reaction	Class_Under_Center	SetType_Normal	football/Gameplay/playbooks/PlayLibrary/Formations/Offense/MG_HB_Combine_Reaction/MG_HB_Combine_Reaction	football/Gameplay/playbooks/PlayLibrary/Formations/Offense/MG_HB_Combine_Reaction/MG_Combine_HB_Formation
1457	MG Field Goal	Class_FieldGoal	SetType_None	football/Gameplay/playbooks/PlayLibrary/Formations/Offense/MG_Kicking/MG_Kicking	football/Gameplay/playbooks/PlayLibrary/Formations/Offense/MG_Kicking/MG_Field_Goal/MG_Field_Goal
1456	MG Punt	Class_Punt	SetType_None	football/Gameplay/playbooks/PlayLibrary/Formations/Offense/MG_Kicking/MG_Kicking	football/Gameplay/playbooks/PlayLibrary/Formations/Offense/MG_Kicking/MG_Punt/MG_Punt
383428453	Midnight Alley	Class_Under_Center	SetType_Normal	football/Gameplay/playbooks/PlayLibrary/Formations/Offense/MG_MidnightAlley_OFF/MG_MidnightAlley_OFF	football/Gameplay/playbooks/PlayLibrary/Formations/Offense/MG_MidnightAlley_OFF/MG_Midnightalley_OFF/MG_MidnightAlley_OFF
1477	MG I-Form Close	Class_Under_Center	SetType_Normal	football/Gameplay/playbooks/PlayLibrary/Formations/Offense/MG_Oklahoma/MG_Oklahoma	football/Gameplay/playbooks/PlayLibrary/Formations/Offense/MG_Oklahoma/MG_I-Form_Close/MG_I-Form_Close
1476	OA Gun Deuce Close	Class_Shotgun	SetType_Normal	football/Gameplay/playbooks/PlayLibrary/Formations/Offense/MG_Option_Attack/MG_Option_Attack	football/Gameplay/playbooks/PlayLibrary/Formations/Offense/MG_Option_Attack/OA_Gun_Deuce_Close/OA_Gun_Deuce_Close
1473	OA Gun Flex Y Off Wk	Class_Shotgun	SetType_None	football/Gameplay/playbooks/PlayLibrary/Formations/Offense/MG_Option_Attack/MG_Option_Attack	football/Gameplay/playbooks/PlayLibrary/Formations/Offense/MG_Option_Attack/OA_Gun_Flex_Y_Off_Wk/OA_Gun_Flex_Y_Off_Wk
1474	OA Gun Split Wing Nasty	Class_Shotgun	SetType_Big	football/Gameplay/playbooks/PlayLibrary/Formations/Offense/MG_Option_Attack/MG_Option_Attack	football/Gameplay/playbooks/PlayLibrary/Formations/Offense/MG_Option_Attack/OA_Gun_Split_Wing_Nasty/OA_Gun_Split_Wing_Nasty
1472	OA Pistol Doubles	Class_Pistol	SetType_None	football/Gameplay/playbooks/PlayLibrary/Formations/Offense/MG_Option_Attack/MG_Option_Attack	football/Gameplay/playbooks/PlayLibrary/Formations/Offense/MG_Option_Attack/OA_Pistol_Doubles/OA_Pistol_Doubles
1460	OA Pistol Strong	Class_Pistol	SetType_Normal	football/Gameplay/playbooks/PlayLibrary/Formations/Offense/MG_Option_Attack/MG_Option_Attack	football/Gameplay/playbooks/PlayLibrary/Formations/Offense/MG_Option_Attack/OA_Pistol_Strong/OA_Pistol_Strong
1475	OA Split Close Pro	Class_Shotgun	SetType_Normal	football/Gameplay/playbooks/PlayLibrary/Formations/Offense/MG_Option_Attack/MG_Option_Attack	football/Gameplay/playbooks/PlayLibrary/Formations/Offense/MG_Option_Attack/OA_Split_Close_Pro/OA_Split_Close_Pro
3865348668	Ace	Class_Shotgun	SetType_Normal	football/Gameplay/playbooks/PlayLibrary/Formations/Offense/MG_Option_Star_Read_Option/MG_Option_Star_Read_Option_RTG	football/Gameplay/playbooks/PlayLibrary/Formations/Offense/MG_Option_Star_Read_Option/Ace/Ace_RTG
2337026947	Trips	Class_Pistol	SetType_Trips	football/Gameplay/playbooks/PlayLibrary/Formations/Offense/MG_Option_Star_Read_Option/MG_Option_Star_Read_Option_RTG	football/Gameplay/playbooks/PlayLibrary/Formations/Offense/MG_Option_Star_Read_Option/Pistol_Trips/Trips_RTG
3492356876	Y Off Trips Wk	Class_Shotgun	SetType_Trips	football/Gameplay/playbooks/PlayLibrary/Formations/Offense/MG_Option_Star_Read_Option/MG_Option_Star_Read_Option_RTG	football/Gameplay/playbooks/PlayLibrary/Formations/Offense/MG_Option_Star_Read_Option/Y_Off_Trips_Wk/Y_Off_Trips_Wk_RTG
3311056276	Y Trips Offset Wk	Class_Shotgun	SetType_Trips	football/Gameplay/playbooks/PlayLibrary/Formations/Offense/MG_Option_Star_Read_Option/MG_Option_Star_Read_Option_RTG	football/Gameplay/playbooks/PlayLibrary/Formations/Offense/MG_Option_Star_Read_Option/Y_Trips_Offset_Wk/Y_Trips_Offset_Wk_RTG
3619148054	Ace	Class_Shotgun	SetType_Normal	football/Gameplay/playbooks/PlayLibrary/Formations/Offense/MG_Option_Star_Speed_Option/MG_Option_Star_Speed_Option_RTG	football/Gameplay/playbooks/PlayLibrary/Formations/Offense/MG_Option_Star_Speed_Option/Ace/Ace_RTG
4084697272	Doubles	Class_Shotgun	SetType_ThreeWR	football/Gameplay/playbooks/PlayLibrary/Formations/Offense/MG_Option_Star_Speed_Option/MG_Option_Star_Speed_Option_RTG	football/Gameplay/playbooks/PlayLibrary/Formations/Offense/MG_Option_Star_Speed_Option/Doubles/Doubles_RTG
525106486	Doubles	Class_Pistol	SetType_ThreeWR	football/Gameplay/playbooks/PlayLibrary/Formations/Offense/MG_Option_Star_Speed_Option/MG_Option_Star_Speed_Option_RTG	football/Gameplay/playbooks/PlayLibrary/Formations/Offense/MG_Option_Star_Speed_Option/Pistol_Doubles/Doubles_RTG
2784859925	Y Off Trips	Class_Shotgun	SetType_Trips	football/Gameplay/playbooks/PlayLibrary/Formations/Offense/MG_Option_Star_Speed_Option/MG_Option_Star_Speed_Option_RTG	football/Gameplay/playbooks/PlayLibrary/Formations/Offense/MG_Option_Star_Speed_Option/Y_Off_Trips/Y_Off_Trips_RTG
1623670848	Y Trips Wk	Class_Shotgun	SetType_Trips	football/Gameplay/playbooks/PlayLibrary/Formations/Offense/MG_Option_Star_Speed_Option/MG_Option_Star_Speed_Option_RTG	football/Gameplay/playbooks/PlayLibrary/Formations/Offense/MG_Option_Star_Speed_Option/Y_Trips_Wk/Y_Trips_Wk_RTG
1447	PS Gun Bunch	Class_Shotgun	SetType_Bunch	football/Gameplay/playbooks/PlayLibrary/Formations/Offense/MG_Pass_Skeleton/MG_Pass_Skeleton	football/Gameplay/playbooks/PlayLibrary/Formations/Offense/MG_Pass_Skeleton/PS_Gun_Bunch/PS_Gun_Bunch
1448	PS Gun Doubles	Class_Shotgun	SetType_None	football/Gameplay/playbooks/PlayLibrary/Formations/Offense/MG_Pass_Skeleton/MG_Pass_Skeleton	football/Gameplay/playbooks/PlayLibrary/Formations/Offense/MG_Pass_Skeleton/PS_Gun_Doubles/PS_Gun_Doubles
1451	PS Gun Empty Saint	Class_Shotgun	SetType_None	football/Gameplay/playbooks/PlayLibrary/Formations/Offense/MG_Pass_Skeleton/MG_Pass_Skeleton	football/Gameplay/playbooks/PlayLibrary/Formations/Offense/MG_Pass_Skeleton/PS_Gun_Empty_Saint/PS_Gun_Empty_Saint
1450	PS Gun Split Close	Class_Shotgun	SetType_None	football/Gameplay/playbooks/PlayLibrary/Formations/Offense/MG_Pass_Skeleton/MG_Pass_Skeleton	football/Gameplay/playbooks/PlayLibrary/Formations/Offense/MG_Pass_Skeleton/PS_Gun_Split_Close/PS_Gun_Split_Close
1449	PS Gun Split Offset	Class_Shotgun	SetType_None	football/Gameplay/playbooks/PlayLibrary/Formations/Offense/MG_Pass_Skeleton/MG_Pass_Skeleton	football/Gameplay/playbooks/PlayLibrary/Formations/Offense/MG_Pass_Skeleton/PS_Gun_Split_Offset/PS_Gun_Split_Offset
1461	MG Super I Form	Class_Under_Center	SetType_Normal	football/Gameplay/playbooks/PlayLibrary/Formations/Offense/MG_Pitch_Party/MG_Pitch_Party	football/Gameplay/playbooks/PlayLibrary/Formations/Offense/MG_Pitch_Party/MG_Super_I_Form/MG_Super_I_Form
2583361272	Bunch	Class_Under_Center	SetType_Bunch	football/Gameplay/playbooks/PlayLibrary/Formations/Offense/MG_Receiver_Run/MG_Receiver_Run	football/Gameplay/playbooks/PlayLibrary/Formations/Offense/MG_Receiver_Run/Bunch/Bunch
657508422	Bunch Ace	Class_Under_Center	SetType_Bunch	football/Gameplay/playbooks/PlayLibrary/Formations/Offense/MG_Receiver_Run/MG_Receiver_Run	football/Gameplay/playbooks/PlayLibrary/Formations/Offense/MG_Receiver_Run/Bunch_Ace/Bunch_Ace
3095579868	Doubles	Class_Shotgun	SetType_ThreeWR	football/Gameplay/playbooks/PlayLibrary/Formations/Offense/MG_Receiver_Run/MG_Receiver_Run	football/Gameplay/playbooks/PlayLibrary/Formations/Offense/MG_Receiver_Run/Doubles/Doubles
3712663508	Spread Y-Slot	Class_Shotgun	SetType_ThreeWR	football/Gameplay/playbooks/PlayLibrary/Formations/Offense/MG_Receiver_Run/MG_Receiver_Run	football/Gameplay/playbooks/PlayLibrary/Formations/Offense/MG_Receiver_Run/Spread_Y-Slot/Spread_Y-Slot
3771714975	Ace	Class_Under_Center	SetType_Normal	football/Gameplay/playbooks/PlayLibrary/Formations/Offense/MG_Route_Tree/MG_QB_Route_Tree	football/Gameplay/playbooks/PlayLibrary/Formations/Offense/MG_Route_Tree/RT_Ace/RT_Ace
1965374449	Empty Bunch	Class_Shotgun	SetType_Bunch	football/Gameplay/playbooks/PlayLibrary/Formations/Offense/MG_Route_Tree/MG_QB_Route_Tree	football/Gameplay/playbooks/PlayLibrary/Formations/Offense/MG_Route_Tree/RT_Empty_Bunch/RT_Empty_Bunch
185313616	Gun Doubles	Class_Shotgun	SetType_None	football/Gameplay/playbooks/PlayLibrary/Formations/Offense/MG_Route_Tree/MG_QB_Route_Tree	football/Gameplay/playbooks/PlayLibrary/Formations/Offense/MG_Route_Tree/RT_Gun_Doubles/RT_Gun_Doubles
3114822934	Tight	Class_Shotgun	SetType_None	football/Gameplay/playbooks/PlayLibrary/Formations/Offense/MG_Route_Tree/MG_QB_Route_Tree	football/Gameplay/playbooks/PlayLibrary/Formations/Offense/MG_Route_Tree/RT_Tight/RT_Tight
148410924	Trips	Class_Shotgun	SetType_Trips	football/Gameplay/playbooks/PlayLibrary/Formations/Offense/MG_Route_Tree/MG_QB_Route_Tree	football/Gameplay/playbooks/PlayLibrary/Formations/Offense/MG_Route_Tree/RT_Trips/RT_Trips
1446	MG I-Form Close	Class_Under_Center	SetType_Normal	football/Gameplay/playbooks/PlayLibrary/Formations/Offense/MG_Rushing_Attack/MG_Rushing_Attack	football/Gameplay/playbooks/PlayLibrary/Formations/Offense/MG_Rushing_Attack/MG_I-Form_Close/MG_I-Form_Close
3809300137	SS - Empty Base Flex	Class_Shotgun	SetType_None	football/Gameplay/playbooks/PlayLibrary/Formations/Offense/MG_Scramble_Survive/MG_Scramble_Survive	football/Gameplay/playbooks/PlayLibrary/Formations/Offense/MG_Scramble_Survive/MG_SS_Empty_Base_Flex
115884990	Bunch Str Wide	Class_Shotgun	SetType_Bunch	football/Gameplay/playbooks/PlayLibrary/Formations/Offense/MG_Screen/MG_Screen	football/Gameplay/playbooks/PlayLibrary/Formations/Offense/MG_Screen/Bunch_Str_Wide/Bunch_Str_Wide
1030345455	Empty Trey Stack	Class_Shotgun	SetType_Empty	football/Gameplay/playbooks/PlayLibrary/Formations/Offense/MG_Screen/MG_Screen	football/Gameplay/playbooks/PlayLibrary/Formations/Offense/MG_Screen/EmptyTreyStack/Empty_Trey_Stack
1895837275	Bunch TE	Class_Shotgun	SetType_Bunch	football/Gameplay/playbooks/PlayLibrary/Formations/Offense/MG_Screen/MG_Screen	football/Gameplay/playbooks/PlayLibrary/Formations/Offense/MG_Screen/Screen_Bunch_TE/Screen_Bunch_TE
1544449756	Empty HB Wide	Class_Shotgun	SetType_ThreeWR	football/Gameplay/playbooks/PlayLibrary/Formations/Offense/MG_Screen/MG_Screen	football/Gameplay/playbooks/PlayLibrary/Formations/Offense/MG_Screen/Screen_Empty_HB_Wide/Screen_Empty_HB_Wide
3320075193	Trio Rt Open	Class_Shotgun	SetType_Trips	football/Gameplay/playbooks/PlayLibrary/Formations/Offense/MG_Screen/MG_Screen	football/Gameplay/playbooks/PlayLibrary/Formations/Offense/MG_Screen/Trio_Rt_Open/Trio_Rt_Open
1671374562	Trio Y Over	Class_Shotgun	SetType_Trips	football/Gameplay/playbooks/PlayLibrary/Formations/Offense/MG_Screen/MG_Screen	football/Gameplay/playbooks/PlayLibrary/Formations/Offense/MG_Screen/Trio_Y_Over/Trio_Y_Over
3554730377	Wide Trips HB Wk	Class_Shotgun	SetType_Trips	football/Gameplay/playbooks/PlayLibrary/Formations/Offense/MG_Screen/MG_Screen	football/Gameplay/playbooks/PlayLibrary/Formations/Offense/MG_Screen/Wide_Trips_HB_Wk/Wide_Trips_HB_Wk
4142530696	Wing Pair	Class_Under_Center	SetType_Jumbo	football/Gameplay/playbooks/PlayLibrary/Formations/Offense/MG_Screen/MG_Screen	football/Gameplay/playbooks/PlayLibrary/Formations/Offense/MG_Screen/Wing_Pair/Wing_Pair
875459325	Y Off Trips	Class_Shotgun	SetType_Trips	football/Gameplay/playbooks/PlayLibrary/Formations/Offense/MG_Screen/MG_Screen	football/Gameplay/playbooks/PlayLibrary/Formations/Offense/MG_Screen/Y_Off_Trips/Y_Off_Trips
1459	MG Target Passing	Class_Shotgun	SetType_Bunch	football/Gameplay/playbooks/PlayLibrary/Formations/Offense/MG_Target_Passing/MG_Target_Passing	football/Gameplay/playbooks/PlayLibrary/Formations/Offense/MG_Target_Passing/MG_Target_Passing/MG_Target_Passing
2526490907	Doubles HB Wk	Class_Shotgun	SetType_ThreeWR	football/Gameplay/playbooks/PlayLibrary/Formations/Offense/MG_TE_Battle/MG_TE_Battle_Def	football/Gameplay/playbooks/PlayLibrary/Formations/Offense/MG_TE_Battle/Doubles_HB_Wk/Doubles_HB_Wk_
2490432399	Doubles HB Wk Deep	Class_Shotgun	SetType_ThreeWR	football/Gameplay/playbooks/PlayLibrary/Formations/Offense/MG_TE_Battle/MG_TE_Battle_Def	football/Gameplay/playbooks/PlayLibrary/Formations/Offense/MG_TE_Battle/Doubles_HB_Wk_Deep/Doubles_HB_Wk_Deep
162437353	Doubles HB Wk HB Blocking	Class_Shotgun	SetType_ThreeWR	football/Gameplay/playbooks/PlayLibrary/Formations/Offense/MG_TE_Battle/MG_TE_Battle_Def	football/Gameplay/playbooks/PlayLibrary/Formations/Offense/MG_TE_Battle/Doubles_HB_Wk_HB_Blocking/Doubles_HB_Wk_HB_Blocking
1259622876	Doubles Y Off Wk	Class_Shotgun	SetType_ThreeWR	football/Gameplay/playbooks/PlayLibrary/Formations/Offense/MG_TE_Battle/MG_TE_Battle_Def	football/Gameplay/playbooks/PlayLibrary/Formations/Offense/MG_TE_Battle/Doubles_HB_Wk_HBMotion/Doubles_Y_Off_Wk_HBMotion
1006194767	Normal Y Off Wk Slot Motion	Class_Shotgun	SetType_ThreeWR	football/Gameplay/playbooks/PlayLibrary/Formations/Offense/MG_TE_Battle/MG_TE_Battle_Def	football/Gameplay/playbooks/PlayLibrary/Formations/Offense/MG_TE_Battle/Normal_Y_Off_Wk_SlotMotion/Normal_Y_Off_Wk_SlotMotion
2947045147	Normal Y Off Wk	Class_Shotgun	SetType_ThreeWR	football/Gameplay/playbooks/PlayLibrary/Formations/Offense/MG_TE_Battle/MG_TE_Battle_Def	football/Gameplay/playbooks/PlayLibrary/Formations/Offense/MG_TE_Battle/Normal_Y_Off_Wk_TEMotion/Normal_Y_Off_Wk_TEMotion
1964681844	Normal Y Off Wk Z Motion	Class_Shotgun	SetType_ThreeWR	football/Gameplay/playbooks/PlayLibrary/Formations/Offense/MG_TE_Battle/MG_TE_Battle_Def	football/Gameplay/playbooks/PlayLibrary/Formations/Offense/MG_TE_Battle/Normal_Y_Off_Wk_ZMotion/Normal_Y_Off_Wk_ZMotion
3935350904	TB 1 Blocker	Class_Under_Center	SetType_None	football/Gameplay/playbooks/PlayLibrary/Formations/Offense/MG_Trench_Battle/MG_Trench_Battle	football/Gameplay/playbooks/PlayLibrary/Formations/Offense/MG_Trench_Battle/TB_1_Blocker/TB_1_Blocker
2236353878	TB 1 Blocker Far Away	Class_Under_Center	SetType_None	football/Gameplay/playbooks/PlayLibrary/Formations/Offense/MG_Trench_Battle/MG_Trench_Battle	football/Gameplay/playbooks/PlayLibrary/Formations/Offense/MG_Trench_Battle/TB_1_Blocker/TB_1_Blocker_Far_Away
1454	TB 2 Blockers	Class_Under_Center	SetType_None	football/Gameplay/playbooks/PlayLibrary/Formations/Offense/MG_Trench_Battle/MG_Trench_Battle	football/Gameplay/playbooks/PlayLibrary/Formations/Offense/MG_Trench_Battle/TB_2_Blockers/TB_2_Blockers
1455	TB 5 Blockers	Class_Under_Center	SetType_None	football/Gameplay/playbooks/PlayLibrary/Formations/Offense/MG_Trench_Battle/MG_Trench_Battle	football/Gameplay/playbooks/PlayLibrary/Formations/Offense/MG_Trench_Battle/TB_5_Blockers/TB_5_Blockers
3603329668	Triangle Offense	Class_Under_Center	SetType_Normal	football/Gameplay/playbooks/PlayLibrary/Formations/Offense/MG_Triangle/MG_Triangle	football/Gameplay/playbooks/PlayLibrary/Formations/Offense/MG_Triangle/MG_I-Form_Close
1138805363	Triangle Offense CPU	Class_Under_Center	SetType_Normal	football/Gameplay/playbooks/PlayLibrary/Formations/Offense/MG_Triangle/MG_Triangle	football/Gameplay/playbooks/PlayLibrary/Formations/Offense/MG_Triangle/MG_I-Form_Close_CPU
1304953436	ACM - Empty Base Flex	Class_Shotgun	SetType_None	football/Gameplay/playbooks/PlayLibrary/Formations/Offense/MG_WR_After_Catch_Master/MG_WR_After_Catch_Master_Off	football/Gameplay/playbooks/PlayLibrary/Formations/Offense/MG_WR_After_Catch_Master/ACM_-_Empty_Base_Flex
3596753355	ACM - Rep 3	Class_Shotgun	SetType_None	football/Gameplay/playbooks/PlayLibrary/Formations/Offense/MG_WR_After_Catch_Master/MG_WR_After_Catch_Master_Off	football/Gameplay/playbooks/PlayLibrary/Formations/Offense/MG_WR_After_Catch_Master/ACM_-_Rep_3_Formation
491747371	ACM -Rep 4	Class_Shotgun	SetType_None	football/Gameplay/playbooks/PlayLibrary/Formations/Offense/MG_WR_After_Catch_Master/MG_WR_After_Catch_Master_Off	football/Gameplay/playbooks/PlayLibrary/Formations/Offense/MG_WR_After_Catch_Master/ACM_Rep_4_Off_Formation
830402776	ACM - Rep 5	Class_Pistol	SetType_None	football/Gameplay/playbooks/PlayLibrary/Formations/Offense/MG_WR_After_Catch_Master/MG_WR_After_Catch_Master_Off	football/Gameplay/playbooks/PlayLibrary/Formations/Offense/MG_WR_After_Catch_Master/ACM_Rep_5_Off_Formation
3085839149	ACM Rep 6	Class_Shotgun	SetType_None	football/Gameplay/playbooks/PlayLibrary/Formations/Offense/MG_WR_After_Catch_Master/MG_WR_After_Catch_Master_Off	football/Gameplay/playbooks/PlayLibrary/Formations/Offense/MG_WR_After_Catch_Master/ACM_Rep_6_Off_Formation
2701634727	ACM Rep 6 - 2 Blockers	Class_Shotgun	SetType_None	football/Gameplay/playbooks/PlayLibrary/Formations/Offense/MG_WR_After_Catch_Master/MG_WR_After_Catch_Master_Off	football/Gameplay/playbooks/PlayLibrary/Formations/Offense/MG_WR_After_Catch_Master/ACM_Rep_6_Off_Formation_2_Blockers
2310158955	ACM Rep 7	Class_Shotgun	SetType_None	football/Gameplay/playbooks/PlayLibrary/Formations/Offense/MG_WR_After_Catch_Master/MG_WR_After_Catch_Master_Off	football/Gameplay/playbooks/PlayLibrary/Formations/Offense/MG_WR_After_Catch_Master/ACM_Rep_7_Off_Formation
4279429508	ACM Rep 8	Class_Shotgun	SetType_None	football/Gameplay/playbooks/PlayLibrary/Formations/Offense/MG_WR_After_Catch_Master/MG_WR_After_Catch_Master_Off	football/Gameplay/playbooks/PlayLibrary/Formations/Offense/MG_WR_After_Catch_Master/ACM_Rep_8_Off_Formation
3139941916	Empty Y-Trey	Class_Shotgun	SetType_Empty	football/Gameplay/playbooks/PlayLibrary/Formations/Offense/MG_WR_After_Catch_Master/MG_WR_After_Catch_Master_Off	football/Gameplay/playbooks/PlayLibrary/Formations/Offense/MG_WR_After_Catch_Master/Empty_Y-Trey/Empty_Y-Trey
1607733017	Slot Right Wk	Class_Shotgun	SetType_ThreeWR	football/Gameplay/playbooks/PlayLibrary/Formations/Offense/MG_WR_After_Catch_Master/MG_WR_After_Catch_Master_Off	football/Gameplay/playbooks/PlayLibrary/Formations/Offense/MG_WR_After_Catch_Master/Slot_Right_Wk/Slot_Right_Wk_Left
1486	DB AI Routes	Class_Shotgun	SetType_Bunch	football/Gameplay/playbooks/PlayLibrary/Formations/Offense/MG_WR_Battle/MG_WR_Battle	football/Gameplay/playbooks/PlayLibrary/Formations/Offense/MG_WR_Battle/DB_AI_Routes/DB_AI_Routes
1487	WR Battle Gun Doubles	Class_Shotgun	SetType_None	football/Gameplay/playbooks/PlayLibrary/Formations/Offense/MG_WR_Battle/MG_WR_Battle	football/Gameplay/playbooks/PlayLibrary/Formations/Offense/MG_WR_Battle/WR_Battle_Gun_Doubles/WR_Battle_Gun_Doubles
1452	WRB Lone Rec Left	Class_Shotgun	SetType_Bunch	football/Gameplay/playbooks/PlayLibrary/Formations/Offense/MG_WR_Battle/MG_WR_Battle	football/Gameplay/playbooks/PlayLibrary/Formations/Offense/MG_WR_Battle/WRB_Lone_Rec_Left/WRB_Lone_Rec_Left
1453	WRB Lone Rec Right	Class_Shotgun	SetType_Bunch	football/Gameplay/playbooks/PlayLibrary/Formations/Offense/MG_WR_Battle/MG_WR_Battle	football/Gameplay/playbooks/PlayLibrary/Formations/Offense/MG_WR_Battle/WRB_Lone_Rec_Right/WRB_Lone_Rec_Right
221	Close	Class_Under_Center	SetType_Normal	football/Gameplay/playbooks/PlayLibrary/Formations/Offense/Near/Near	football/Gameplay/playbooks/PlayLibrary/Formations/Offense/Near/Close/Close
213	Close Flex	Class_Under_Center	SetType_Normal	football/Gameplay/playbooks/PlayLibrary/Formations/Offense/Near/Near	football/Gameplay/playbooks/PlayLibrary/Formations/Offense/Near/Close_Flex/Close_Flex
58	Jumbo	Class_Under_Center	SetType_Jumbo	football/Gameplay/playbooks/PlayLibrary/Formations/Offense/Near/Near	football/Gameplay/playbooks/PlayLibrary/Formations/Offense/Near/Jumbo/Jumbo
220	Pro	Class_Under_Center	SetType_Normal	football/Gameplay/playbooks/PlayLibrary/Formations/Offense/Near/Near	football/Gameplay/playbooks/PlayLibrary/Formations/Offense/Near/Pro/Pro
854	Y Left Slot	Class_Under_Center	SetType_Normal	football/Gameplay/playbooks/PlayLibrary/Formations/Offense/Near/Near	football/Gameplay/playbooks/PlayLibrary/Formations/Offense/Near/Y_Left_Slot/Y_Left_Slot
488077648	NST Goal Line Normal	Class_GoallineOffense	SetType_Goalline	football/Gameplay/playbooks/PlayLibrary/Formations/Offense/NST_Tutorials/NST_Tutorials	football/Gameplay/playbooks/PlayLibrary/Formations/Offense/NST_Tutorials/NST_Goal_Line_Normal/NST_Goal_Line_Normal
2889153787	NST Gun Bunch	Class_Shotgun	SetType_Bunch	football/Gameplay/playbooks/PlayLibrary/Formations/Offense/NST_Tutorials/NST_Tutorials	football/Gameplay/playbooks/PlayLibrary/Formations/Offense/NST_Tutorials/NST_Gun_Bunch/NST_Gun_Bunch
2653619834	NST Gun Duo Slot Open	Class_Shotgun	SetType_ThreeWR	football/Gameplay/playbooks/PlayLibrary/Formations/Offense/NST_Tutorials/NST_Tutorials	football/Gameplay/playbooks/PlayLibrary/Formations/Offense/NST_Tutorials/NST_Gun_Duo_Slot_Open/NST_Gun_Duo_Slot_Open_
2261566434	NST Gun Trips TE	Class_Shotgun	SetType_Trips	football/Gameplay/playbooks/PlayLibrary/Formations/Offense/NST_Tutorials/NST_Tutorials	football/Gameplay/playbooks/PlayLibrary/Formations/Offense/NST_Tutorials/NST_Gun_Trips_TE/NST_Gun_Trips_TE
1412902192	NST Gun Wing Slot Wk	Class_Shotgun	SetType_Normal	football/Gameplay/playbooks/PlayLibrary/Formations/Offense/NST_Tutorials/NST_Tutorials	football/Gameplay/playbooks/PlayLibrary/Formations/Offense/NST_Tutorials/NST_Gun_Wing_Slot_Wk/NST_Gun_Wing_Slot_Wk
441567542	NST Gun Y Off Trips	Class_Shotgun	SetType_Trips	football/Gameplay/playbooks/PlayLibrary/Formations/Offense/NST_Tutorials/NST_Tutorials	football/Gameplay/playbooks/PlayLibrary/Formations/Offense/NST_Tutorials/NST_Gun_Y_Off_Trips/NST_Gun_Y_Off_Trips
2339827442	NST I Form	Class_Under_Center	SetType_Normal	football/Gameplay/playbooks/PlayLibrary/Formations/Offense/NST_Tutorials/NST_Tutorials	football/Gameplay/playbooks/PlayLibrary/Formations/Offense/NST_Tutorials/NST_I_Form/NST_I_Form
313086452	NST Landing Zone NFL Kickoff	Class_Kickoff	SetType_None	football/Gameplay/playbooks/PlayLibrary/Formations/Offense/NST_Tutorials/NST_Tutorials	football/Gameplay/playbooks/PlayLibrary/Formations/Offense/NST_Tutorials/NST_LandingZone_NFL_Kickoff/NST_LandingZone_NFL_Kickoff
1284415976	NST Lone Rec Right	Class_Shotgun	SetType_Bunch	football/Gameplay/playbooks/PlayLibrary/Formations/Offense/NST_Tutorials/NST_Tutorials	football/Gameplay/playbooks/PlayLibrary/Formations/Offense/NST_Tutorials/NST_Lone_Rec_Right/NST_Lone_Rec_Right
493799776	NST NFL Onside	Class_OnsideKick	SetType_None	football/Gameplay/playbooks/PlayLibrary/Formations/Offense/NST_Tutorials/NST_Tutorials	football/Gameplay/playbooks/PlayLibrary/Formations/Offense/NST_Tutorials/NST_NFL_Onside/NST_NFL_Onside_Kick
1237124699	NST Normal Kickoff	Class_Kickoff	SetType_None	football/Gameplay/playbooks/PlayLibrary/Formations/Offense/NST_Tutorials/NST_Tutorials	football/Gameplay/playbooks/PlayLibrary/Formations/Offense/NST_Tutorials/NST_Normal_Kickoff/NST_Normal_Kickoff
476506279	NST Punt	Class_Punt	SetType_None	football/Gameplay/playbooks/PlayLibrary/Formations/Offense/NST_Tutorials/NST_Tutorials	football/Gameplay/playbooks/PlayLibrary/Formations/Offense/NST_Tutorials/NST_Punt/NST_Punt
558162981	NST Super I Form	Class_Under_Center	SetType_Normal	football/Gameplay/playbooks/PlayLibrary/Formations/Offense/NST_Tutorials/NST_Tutorials	football/Gameplay/playbooks/PlayLibrary/Formations/Offense/NST_Tutorials/NST_Super_I_Form/NST_Super_I_Form
3238041483	Doubles HB Wk	Class_Shotgun	SetType_ThreeWR	football/Gameplay/playbooks/PlayLibrary/Formations/Offense/Pass_Skeleton_Cover0/Passing_Skeleton_Cover0	football/Gameplay/playbooks/PlayLibrary/Formations/Offense/Pass_Skeleton_Cover0/Doubles_HB_Wk/Doubles_HB_Wk
4102432394	5WR	Class_Shotgun	SetType_Empty	football/Gameplay/playbooks/PlayLibrary/Formations/Offense/Pass_Skeleton_Cover2/Passing_Skeleton_Cover2	football/Gameplay/playbooks/PlayLibrary/Formations/Offense/Pass_Skeleton_Cover2/5WR/5WR
3916833890	5WR	Class_Shotgun	SetType_Empty	football/Gameplay/playbooks/PlayLibrary/Formations/Offense/Pass_Skeleton_Cover3/Passing_Skeleton_Cover3	football/Gameplay/playbooks/PlayLibrary/Formations/Offense/Pass_Skeleton_Cover3/5WR/5WR
525	Ace	Class_Pistol	SetType_Normal	football/Gameplay/playbooks/PlayLibrary/Formations/Offense/Pistol/Pistol	football/Gameplay/playbooks/PlayLibrary/Formations/Offense/Pistol/Ace/Ace
2693679274	Ace Double Wing	Class_Pistol	SetType_Jumbo	football/Gameplay/playbooks/PlayLibrary/Formations/Offense/Pistol/Pistol	football/Gameplay/playbooks/PlayLibrary/Formations/Offense/Pistol/Ace_Double_Wing/Ace_Double_Wing
478	Ace Slot	Class_Pistol	SetType_Normal	football/Gameplay/playbooks/PlayLibrary/Formations/Offense/Pistol/Pistol	football/Gameplay/playbooks/PlayLibrary/Formations/Offense/Pistol/Ace_Slot/Ace_Slot
474	Bunch	Class_Pistol	SetType_Trips	football/Gameplay/playbooks/PlayLibrary/Formations/Offense/Pistol/Pistol	football/Gameplay/playbooks/PlayLibrary/Formations/Offense/Pistol/Bunch/Bunch
996	Bunch TE	Class_Pistol	SetType_Bunch	football/Gameplay/playbooks/PlayLibrary/Formations/Offense/Pistol/Pistol	football/Gameplay/playbooks/PlayLibrary/Formations/Offense/Pistol/Bunch_TE/Bunch_TE
1399	Bunch X Nasty	Class_Pistol	SetType_Bunch	football/Gameplay/playbooks/PlayLibrary/Formations/Offense/Pistol/Pistol	football/Gameplay/playbooks/PlayLibrary/Formations/Offense/Pistol/Bunch_X_Nasty/Bunch_X_Nasty
1962	Deuce	Class_Pistol	SetType_Normal	football/Gameplay/playbooks/PlayLibrary/Formations/Offense/Pistol/Pistol	football/Gameplay/playbooks/PlayLibrary/Formations/Offense/Pistol/Deuce/Deuce
1337	Deuce Close	Class_Pistol	SetType_Normal	football/Gameplay/playbooks/PlayLibrary/Formations/Offense/Pistol/Pistol	football/Gameplay/playbooks/PlayLibrary/Formations/Offense/Pistol/Deuce_Close/Deuce_Close
427	Doubles	Class_Pistol	SetType_ThreeWR	football/Gameplay/playbooks/PlayLibrary/Formations/Offense/Pistol/Pistol	football/Gameplay/playbooks/PlayLibrary/Formations/Offense/Pistol/Doubles/Doubles
912	Doubles Flex Hip	Class_Pistol	SetType_ThreeWR	football/Gameplay/playbooks/PlayLibrary/Formations/Offense/Pistol/Pistol	football/Gameplay/playbooks/PlayLibrary/Formations/Offense/Pistol/Doubles_Flex_Hip/Doubles_Flex_Hip
1284764605	Doubles Hip	Class_Pistol	SetType_ThreeWR	football/Gameplay/playbooks/PlayLibrary/Formations/Offense/Pistol/Pistol	football/Gameplay/playbooks/PlayLibrary/Formations/Offense/Pistol/Doubles_Hip/Doubles_Hip
997	Doubles Y Off	Class_Pistol	SetType_ThreeWR	football/Gameplay/playbooks/PlayLibrary/Formations/Offense/Pistol/Pistol	football/Gameplay/playbooks/PlayLibrary/Formations/Offense/Pistol/Doubles_Y_Off/Doubles_Y_Off
1076095333	Doubles Y Off Stack	Class_Pistol	SetType_ThreeWR	football/Gameplay/playbooks/PlayLibrary/Formations/Offense/Pistol/Pistol	football/Gameplay/playbooks/PlayLibrary/Formations/Offense/Pistol/Doubles_Y_Off_Stack/Doubles_Y_Off_Stack
1421	East Tight	Class_Pistol	SetType_Jumbo	football/Gameplay/playbooks/PlayLibrary/Formations/Offense/Pistol/Pistol	football/Gameplay/playbooks/PlayLibrary/Formations/Offense/Pistol/East_Tight/East_Tight
733	Full House	Class_Pistol	SetType_Normal	football/Gameplay/playbooks/PlayLibrary/Formations/Offense/Pistol/Pistol	football/Gameplay/playbooks/PlayLibrary/Formations/Offense/Pistol/Full_House/Full_House
978	Full House Base	Class_Pistol	SetType_Normal	football/Gameplay/playbooks/PlayLibrary/Formations/Offense/Pistol/Pistol	football/Gameplay/playbooks/PlayLibrary/Formations/Offense/Pistol/Full_House_Base/Full_House_Base
815189069	Full House Over Close	Class_Pistol	SetType_Normal	football/Gameplay/playbooks/PlayLibrary/Formations/Offense/Pistol/Pistol	football/Gameplay/playbooks/PlayLibrary/Formations/Offense/Pistol/Full_House_Over_Close/Full_House_Over_Close
980	Full House TE	Class_Pistol	SetType_Big	football/Gameplay/playbooks/PlayLibrary/Formations/Offense/Pistol/Pistol	football/Gameplay/playbooks/PlayLibrary/Formations/Offense/Pistol/Full_House_TE/Full_House_TE
971	Full House Pro	Class_Pistol	SetType_Normal	football/Gameplay/playbooks/PlayLibrary/Formations/Offense/Pistol/Pistol	football/Gameplay/playbooks/PlayLibrary/Formations/Offense/Pistol/Full_Panther/Full_House_Pro
804	Open Flex	Class_Pistol	SetType_ThreeWR	football/Gameplay/playbooks/PlayLibrary/Formations/Offense/Pistol/Pistol	football/Gameplay/playbooks/PlayLibrary/Formations/Offense/Pistol/Open_Flex/Open_Flex
1287	Open Flex Close	Class_Pistol	SetType_ThreeWR	football/Gameplay/playbooks/PlayLibrary/Formations/Offense/Pistol/Pistol	football/Gameplay/playbooks/PlayLibrary/Formations/Offense/Pistol/Open_Flex_Close/Open_Flex_Close
1179	Philly	Class_Pistol	SetType_Bunch	football/Gameplay/playbooks/PlayLibrary/Formations/Offense/Pistol/Pistol	football/Gameplay/playbooks/PlayLibrary/Formations/Offense/Pistol/Philly/Philly
537	Spread	Class_Pistol	SetType_FourWR	football/Gameplay/playbooks/PlayLibrary/Formations/Offense/Pistol/Pistol	football/Gameplay/playbooks/PlayLibrary/Formations/Offense/Pistol/Spread/Spread
1804564756	Spread Y Slot	Class_Pistol	SetType_ThreeWR	football/Gameplay/playbooks/PlayLibrary/Formations/Offense/Pistol/Pistol	football/Gameplay/playbooks/PlayLibrary/Formations/Offense/Pistol/Spread_Y_Slot/Spread_Y_Slot
542	Strong	Class_Pistol	SetType_Normal	football/Gameplay/playbooks/PlayLibrary/Formations/Offense/Pistol/Pistol	football/Gameplay/playbooks/PlayLibrary/Formations/Offense/Pistol/Strong/Strong
476	Strong Slot	Class_Pistol	SetType_Normal	football/Gameplay/playbooks/PlayLibrary/Formations/Offense/Pistol/Pistol	football/Gameplay/playbooks/PlayLibrary/Formations/Offense/Pistol/Strong_Slot/Strong_Slot
1334	Strong Slot Close	Class_Pistol	SetType_Normal	football/Gameplay/playbooks/PlayLibrary/Formations/Offense/Pistol/Pistol	football/Gameplay/playbooks/PlayLibrary/Formations/Offense/Pistol/Strong_Slot_Close/Strong_Slot_Close
543	Strong Slot Open	Class_Pistol	SetType_ThreeWR	football/Gameplay/playbooks/PlayLibrary/Formations/Offense/Pistol/Pistol	football/Gameplay/playbooks/PlayLibrary/Formations/Offense/Pistol/Strong_Slot_Open/Strong_Slot_Open
1335	Strong Y Off Close	Class_Pistol	SetType_Normal	football/Gameplay/playbooks/PlayLibrary/Formations/Offense/Pistol/Pistol	football/Gameplay/playbooks/PlayLibrary/Formations/Offense/Pistol/Strong_Y_Off_Close/Strong_Y_Off_Close
1118	Tight Slots	Class_Pistol	SetType_ThreeWR	football/Gameplay/playbooks/PlayLibrary/Formations/Offense/Pistol/Pistol	football/Gameplay/playbooks/PlayLibrary/Formations/Offense/Pistol/Tight_Slots/Tight_Slots
1338	Tight Y Off Flex	Class_Pistol	SetType_ThreeWR	football/Gameplay/playbooks/PlayLibrary/Formations/Offense/Pistol/Pistol	football/Gameplay/playbooks/PlayLibrary/Formations/Offense/Pistol/Tight_Y_Off_Flex/Tight_Y_Off_Flex
473	Trips	Class_Pistol	SetType_Trips	football/Gameplay/playbooks/PlayLibrary/Formations/Offense/Pistol/Pistol	football/Gameplay/playbooks/PlayLibrary/Formations/Offense/Pistol/Trips/Trips
739	Trips Left Open	Class_Pistol	SetType_Trips	football/Gameplay/playbooks/PlayLibrary/Formations/Offense/Pistol/Pistol	football/Gameplay/playbooks/PlayLibrary/Formations/Offense/Pistol/Trips_Left_Open/Trips_Left_Open
538	Trips Open	Class_Pistol	SetType_Trips	football/Gameplay/playbooks/PlayLibrary/Formations/Offense/Pistol/Pistol	football/Gameplay/playbooks/PlayLibrary/Formations/Offense/Pistol/Trips_Open/Trips_Open
3761233561	Trips Y Over	Class_Pistol	SetType_Trips	football/Gameplay/playbooks/PlayLibrary/Formations/Offense/Pistol/Pistol	football/Gameplay/playbooks/PlayLibrary/Formations/Offense/Pistol/Trips_Y_Over/Trips_Y_Over
429	U Off	Class_Pistol	SetType_Normal	football/Gameplay/playbooks/PlayLibrary/Formations/Offense/Pistol/Pistol	football/Gameplay/playbooks/PlayLibrary/Formations/Offense/Pistol/U_Off/U_Off
1422	U Off Stack	Class_Pistol	SetType_Normal	football/Gameplay/playbooks/PlayLibrary/Formations/Offense/Pistol/Pistol	football/Gameplay/playbooks/PlayLibrary/Formations/Offense/Pistol/U_Off_Stack/U_Off_Stack
544	U Off Trips	Class_Pistol	SetType_Normal	football/Gameplay/playbooks/PlayLibrary/Formations/Offense/Pistol/Pistol	football/Gameplay/playbooks/PlayLibrary/Formations/Offense/Pistol/U_Off_Trips/U_Off_Trips
909	Weak	Class_Pistol	SetType_Normal	football/Gameplay/playbooks/PlayLibrary/Formations/Offense/Pistol/Pistol	football/Gameplay/playbooks/PlayLibrary/Formations/Offense/Pistol/Weak/Weak
1152	Weak I Wing	Class_Pistol	SetType_Big	football/Gameplay/playbooks/PlayLibrary/Formations/Offense/Pistol/Pistol	football/Gameplay/playbooks/PlayLibrary/Formations/Offense/Pistol/Weak_I_Wing/Weak_I_Wing
910	Weak Slot	Class_Pistol	SetType_Normal	football/Gameplay/playbooks/PlayLibrary/Formations/Offense/Pistol/Pistol	football/Gameplay/playbooks/PlayLibrary/Formations/Offense/Pistol/Weak_Slot/Weak_Slot
911	Weak Slot Open	Class_Pistol	SetType_ThreeWR	football/Gameplay/playbooks/PlayLibrary/Formations/Offense/Pistol/Pistol	football/Gameplay/playbooks/PlayLibrary/Formations/Offense/Pistol/Weak_Slot_Open/Weak_Slot_Open
526	Wing	Class_Pistol	SetType_Normal	football/Gameplay/playbooks/PlayLibrary/Formations/Offense/Pistol/Pistol	football/Gameplay/playbooks/PlayLibrary/Formations/Offense/Pistol/Wing/Wing
1336	Wing Close	Class_Pistol	SetType_Normal	football/Gameplay/playbooks/PlayLibrary/Formations/Offense/Pistol/Pistol	football/Gameplay/playbooks/PlayLibrary/Formations/Offense/Pistol/Wing_Close/Wing_Close
908	Wing Flex	Class_Pistol	SetType_Normal	football/Gameplay/playbooks/PlayLibrary/Formations/Offense/Pistol/Pistol	football/Gameplay/playbooks/PlayLibrary/Formations/Offense/Pistol/Wing_Flex/Wing_Flex
1292	Wing Flex Close	Class_Pistol	SetType_Normal	football/Gameplay/playbooks/PlayLibrary/Formations/Offense/Pistol/Pistol	football/Gameplay/playbooks/PlayLibrary/Formations/Offense/Pistol/Wing_Flex_Close/Wing_Flex_Close
430	Wing Slot	Class_Pistol	SetType_Normal	football/Gameplay/playbooks/PlayLibrary/Formations/Offense/Pistol/Pistol	football/Gameplay/playbooks/PlayLibrary/Formations/Offense/Pistol/Wing_Slot/Wing_Slot
502	Wing Tight Z	Class_Pistol	SetType_Jumbo	football/Gameplay/playbooks/PlayLibrary/Formations/Offense/Pistol/Pistol	football/Gameplay/playbooks/PlayLibrary/Formations/Offense/Pistol/Wing_Tight_Z/Wing_Tight_Z
913	Y Off Trips	Class_Pistol	SetType_ThreeWR	football/Gameplay/playbooks/PlayLibrary/Formations/Offense/Pistol/Pistol	football/Gameplay/playbooks/PlayLibrary/Formations/Offense/Pistol/Y_Off_Trips/Y_Off_Trips
428	Y Trips	Class_Pistol	SetType_Trips	football/Gameplay/playbooks/PlayLibrary/Formations/Offense/Pistol/Pistol	football/Gameplay/playbooks/PlayLibrary/Formations/Offense/Pistol/Y_Trips/Y_Trips
425	Strong	Class_Under_Center	SetType_Big	football/Gameplay/playbooks/PlayLibrary/Formations/Offense/Power_I/Power_I	football/Gameplay/playbooks/PlayLibrary/Formations/Offense/Power_I/Strong/Strong
424	Tight	Class_Under_Center	SetType_Jumbo	football/Gameplay/playbooks/PlayLibrary/Formations/Offense/Power_I/Power_I	football/Gameplay/playbooks/PlayLibrary/Formations/Offense/Power_I/Tight/Tight
649	4WR Trips Strong	Class_Shotgun	SetType_Trips	football/Gameplay/playbooks/PlayLibrary/Formations/Offense/Shotgun/Shotgun	football/Gameplay/playbooks/PlayLibrary/Formations/Offense/Shotgun/4WR_Pack_Trips/4WR_Pack_Trips
379	5WR Flex Trey	Class_Shotgun	SetType_Empty	football/Gameplay/playbooks/PlayLibrary/Formations/Offense/Shotgun/Shotgun	football/Gameplay/playbooks/PlayLibrary/Formations/Offense/Shotgun/5WR_Flex_Trey/5WR_Flex_Trey
236	5WR Tight	Class_Shotgun	SetType_Empty	football/Gameplay/playbooks/PlayLibrary/Formations/Offense/Shotgun/Shotgun	football/Gameplay/playbooks/PlayLibrary/Formations/Offense/Shotgun/5WR_Tight/5WR_Tight
376	5WR Trio	Class_Shotgun	SetType_Empty	football/Gameplay/playbooks/PlayLibrary/Formations/Offense/Shotgun/Shotgun	football/Gameplay/playbooks/PlayLibrary/Formations/Offense/Shotgun/5WR_Trio/5WR_Trio
518	5WR Trips	Class_Shotgun	SetType_Empty	football/Gameplay/playbooks/PlayLibrary/Formations/Offense/Shotgun/Shotgun	football/Gameplay/playbooks/PlayLibrary/Formations/Offense/Shotgun/5WR_Trips/5WR_Trips
359	Ace	Class_Shotgun	SetType_Normal	football/Gameplay/playbooks/PlayLibrary/Formations/Offense/Shotgun/Shotgun	football/Gameplay/playbooks/PlayLibrary/Formations/Offense/Shotgun/Ace/Ace
1017	Ace Offset	Class_Shotgun	SetType_Normal	football/Gameplay/playbooks/PlayLibrary/Formations/Offense/Shotgun/Shotgun	football/Gameplay/playbooks/PlayLibrary/Formations/Offense/Shotgun/Ace_Offset/Ace_Offset
357	Ace Slot	Class_Shotgun	SetType_Normal	football/Gameplay/playbooks/PlayLibrary/Formations/Offense/Shotgun/Shotgun	football/Gameplay/playbooks/PlayLibrary/Formations/Offense/Shotgun/Ace_Slot/Ace_Slot
1071	Ace Slot Offset	Class_Shotgun	SetType_Normal	football/Gameplay/playbooks/PlayLibrary/Formations/Offense/Shotgun/Shotgun	football/Gameplay/playbooks/PlayLibrary/Formations/Offense/Shotgun/Ace_Slot_Offset/Ace_Slot_Offset
371	Box	Class_Shotgun	SetType_Trips	football/Gameplay/playbooks/PlayLibrary/Formations/Offense/Shotgun/Shotgun	football/Gameplay/playbooks/PlayLibrary/Formations/Offense/Shotgun/Box/Box
2184385095	Box HB Strong	Class_Shotgun	SetType_Trips	football/Gameplay/playbooks/PlayLibrary/Formations/Offense/Shotgun/Shotgun	football/Gameplay/playbooks/PlayLibrary/Formations/Offense/Shotgun/Box_HB_Strong/Box_HB_Strong
1078	Box Offset Wk	Class_Shotgun	SetType_Trips	football/Gameplay/playbooks/PlayLibrary/Formations/Offense/Shotgun/Shotgun	football/Gameplay/playbooks/PlayLibrary/Formations/Offense/Shotgun/Box_Offset_Wk/Box_Offset_Wk
1349	Box Y Off	Class_Shotgun	SetType_ThreeWR	football/Gameplay/playbooks/PlayLibrary/Formations/Offense/Shotgun/Shotgun	football/Gameplay/playbooks/PlayLibrary/Formations/Offense/Shotgun/Box_Y_Off/Box_Y_Off
1011	Box Y Split	Class_Shotgun	SetType_Trips	football/Gameplay/playbooks/PlayLibrary/Formations/Offense/Shotgun/Shotgun	football/Gameplay/playbooks/PlayLibrary/Formations/Offense/Shotgun/Box_Y_Split/Box_Y_Split
155	Bunch	Class_Shotgun	SetType_Bunch	football/Gameplay/playbooks/PlayLibrary/Formations/Offense/Shotgun/Shotgun	football/Gameplay/playbooks/PlayLibrary/Formations/Offense/Shotgun/Bunch/Bunch
520	Bunch HB Str	Class_Shotgun	SetType_Bunch	football/Gameplay/playbooks/PlayLibrary/Formations/Offense/Shotgun/Shotgun	football/Gameplay/playbooks/PlayLibrary/Formations/Offense/Shotgun/Bunch_HB_Str/Bunch_HB_Str
950	Bunch Offset	Class_Shotgun	SetType_Bunch	football/Gameplay/playbooks/PlayLibrary/Formations/Offense/Shotgun/Shotgun	football/Gameplay/playbooks/PlayLibrary/Formations/Offense/Shotgun/Bunch_Offset/Bunch_Offset
1610715725	Bunch Offset Close	Class_Shotgun	SetType_Bunch	football/Gameplay/playbooks/PlayLibrary/Formations/Offense/Shotgun/Shotgun	football/Gameplay/playbooks/PlayLibrary/Formations/Offense/Shotgun/Bunch_Offset_Close/Bunch_Offset_Close
1013	Bunch Open	Class_Shotgun	SetType_Bunch	football/Gameplay/playbooks/PlayLibrary/Formations/Offense/Shotgun/Shotgun	football/Gameplay/playbooks/PlayLibrary/Formations/Offense/Shotgun/Bunch_Open/Bunch_Open
1074	Bunch Open Offset	Class_Shotgun	SetType_Bunch	football/Gameplay/playbooks/PlayLibrary/Formations/Offense/Shotgun/Shotgun	football/Gameplay/playbooks/PlayLibrary/Formations/Offense/Shotgun/Bunch_Open_Offset/Bunch_Open_Offset
1139	Bunch Open TE	Class_Shotgun	SetType_Bunch	football/Gameplay/playbooks/PlayLibrary/Formations/Offense/Shotgun/Shotgun	football/Gameplay/playbooks/PlayLibrary/Formations/Offense/Shotgun/Bunch_Open_TE/Bunch_Open_TE
588	Bunch Quads	Class_Shotgun	SetType_Empty	football/Gameplay/playbooks/PlayLibrary/Formations/Offense/Shotgun/Shotgun	football/Gameplay/playbooks/PlayLibrary/Formations/Offense/Shotgun/Bunch_Quads/Bunch_Quads
1372	Bunch Quads Close	Class_Shotgun	SetType_Trips	football/Gameplay/playbooks/PlayLibrary/Formations/Offense/Shotgun/Shotgun	football/Gameplay/playbooks/PlayLibrary/Formations/Offense/Shotgun/Bunch_Quads_Close/Bunch_Quads_Close
1138856648	Bunch Quads	Class_Shotgun	SetType_Empty	football/Gameplay/playbooks/PlayLibrary/Formations/Offense/MG_Halfline/MG_Halfline	football/Gameplay/playbooks/PlayLibrary/Formations/Offense/Shotgun/Bunch_Quads_Halfline/MG_Bunch_Quads_Halfline
2246693847	Bunch Quads Open	Class_Shotgun	SetType_Empty	football/Gameplay/playbooks/PlayLibrary/Formations/Offense/Shotgun/Shotgun	football/Gameplay/playbooks/PlayLibrary/Formations/Offense/Shotgun/Bunch_Quads_Open/Bunch_Quads_Open
2816351335	Bunch Spread	Class_Shotgun	SetType_Bunch	football/Gameplay/playbooks/PlayLibrary/Formations/Offense/Shotgun/Shotgun	football/Gameplay/playbooks/PlayLibrary/Formations/Offense/Shotgun/Bunch_Spread/Bunch_Spread
2679096543	Bunch Spread Nasty	Class_Shotgun	SetType_Bunch	football/Gameplay/playbooks/PlayLibrary/Formations/Offense/Shotgun/Shotgun	football/Gameplay/playbooks/PlayLibrary/Formations/Offense/Shotgun/Bunch_Spread_Nasty/Bunch_Spread_Nasty
1401	Bunch Str Nasty	Class_Shotgun	SetType_Bunch	football/Gameplay/playbooks/PlayLibrary/Formations/Offense/Shotgun/Shotgun	football/Gameplay/playbooks/PlayLibrary/Formations/Offense/Shotgun/Bunch_Str_Nasty/Bunch_Str_Nasty
1313	Bunch Str Offset	Class_Shotgun	SetType_Bunch	football/Gameplay/playbooks/PlayLibrary/Formations/Offense/Shotgun/Shotgun	football/Gameplay/playbooks/PlayLibrary/Formations/Offense/Shotgun/Bunch_Str_Offset/Bunch_Str_Offset
584	Bunch TE	Class_Shotgun	SetType_Bunch	football/Gameplay/playbooks/PlayLibrary/Formations/Offense/Shotgun/Shotgun	football/Gameplay/playbooks/PlayLibrary/Formations/Offense/Shotgun/Bunch_TE/Bunch_TE
1485250248	Bunch TE Str	Class_Shotgun	SetType_Bunch	football/Gameplay/playbooks/PlayLibrary/Formations/Offense/Shotgun/Shotgun	football/Gameplay/playbooks/PlayLibrary/Formations/Offense/Shotgun/Bunch_TE_Str/Bunch_TE_Str
3545454965	Bunch TE Wk	Class_Shotgun	SetType_Bunch	football/Gameplay/playbooks/PlayLibrary/Formations/Offense/Shotgun/Shotgun	football/Gameplay/playbooks/PlayLibrary/Formations/Offense/Shotgun/Bunch_TE_Wk/Bunch_TE_Wk
4078562217	Bunch Trio Open	Class_Shotgun	SetType_Bunch	football/Gameplay/playbooks/PlayLibrary/Formations/Offense/Shotgun/Shotgun	football/Gameplay/playbooks/PlayLibrary/Formations/Offense/Shotgun/Bunch_Trio_Open/Bunch_Trio_Open
1125	Bunch Wide	Class_Shotgun	SetType_Bunch	football/Gameplay/playbooks/PlayLibrary/Formations/Offense/Shotgun/Shotgun	football/Gameplay/playbooks/PlayLibrary/Formations/Offense/Shotgun/Bunch_Wide/Bunch_Wide
1433	Bunch Wide Nasty	Class_Shotgun	SetType_Bunch	football/Gameplay/playbooks/PlayLibrary/Formations/Offense/Shotgun/Shotgun	football/Gameplay/playbooks/PlayLibrary/Formations/Offense/Shotgun/Bunch_Wide_Nasty/Bunch_Wide_Nasty
1367	Bunch X Nasty	Class_Shotgun	SetType_Bunch	football/Gameplay/playbooks/PlayLibrary/Formations/Offense/Shotgun/Shotgun	football/Gameplay/playbooks/PlayLibrary/Formations/Offense/Shotgun/Bunch_X_Nasty/Bunch_X_Nasty
1293	Bunch Y-Flex	Class_Shotgun	SetType_Bunch	football/Gameplay/playbooks/PlayLibrary/Formations/Offense/Shotgun/Shotgun	football/Gameplay/playbooks/PlayLibrary/Formations/Offense/Shotgun/Bunch_Y-Flex/Bunch_Y-Flex
2944116121	Bunch Y-Trips	Class_Shotgun	SetType_Bunch	football/Gameplay/playbooks/PlayLibrary/Formations/Offense/Shotgun/Shotgun	football/Gameplay/playbooks/PlayLibrary/Formations/Offense/Shotgun/Bunch_Y-Trips/Bunch_Y-Trips
594	Cluster	Class_Shotgun	SetType_Bunch	football/Gameplay/playbooks/PlayLibrary/Formations/Offense/Shotgun/Shotgun	football/Gameplay/playbooks/PlayLibrary/Formations/Offense/Shotgun/Cluster/Cluster
703	Cluster HB Str	Class_Shotgun	SetType_Bunch	football/Gameplay/playbooks/PlayLibrary/Formations/Offense/Shotgun/Shotgun	football/Gameplay/playbooks/PlayLibrary/Formations/Offense/Shotgun/Cluster_HB_Str/Cluster_HB_Str
3008739176	Doubles Flex Y Off Close	Class_Shotgun	SetType_ThreeWR	football/Gameplay/playbooks/PlayLibrary/Formations/Offense/Shotgun/Shotgun	football/Gameplay/playbooks/PlayLibrary/Formations/Offense/Shotgun/Dbls_Flex_Y_Off_Close/Dbls_Flex_Y_Off_Close
1303	Gadget Package	Class_Shotgun	SetType_Normal	football/Gameplay/playbooks/PlayLibrary/Formations/Offense/Shotgun/Shotgun	football/Gameplay/playbooks/PlayLibrary/Formations/Offense/Shotgun/Deebo_Package/Deebo_Package
1959	Deuce	Class_Shotgun	SetType_Normal	football/Gameplay/playbooks/PlayLibrary/Formations/Offense/Shotgun/Shotgun	football/Gameplay/playbooks/PlayLibrary/Formations/Offense/Shotgun/Deuce/Deuce
1186	Deuce Close	Class_Shotgun	SetType_Normal	football/Gameplay/playbooks/PlayLibrary/Formations/Offense/Shotgun/Shotgun	football/Gameplay/playbooks/PlayLibrary/Formations/Offense/Shotgun/Deuce_Close/Deuce_Close
953	Double Stack	Class_Shotgun	SetType_ThreeWR	football/Gameplay/playbooks/PlayLibrary/Formations/Offense/Shotgun/Shotgun	football/Gameplay/playbooks/PlayLibrary/Formations/Offense/Shotgun/Double_Stack/Double_Stack
209	Doubles	Class_Shotgun	SetType_ThreeWR	football/Gameplay/playbooks/PlayLibrary/Formations/Offense/Shotgun/Shotgun	football/Gameplay/playbooks/PlayLibrary/Formations/Offense/Shotgun/Doubles/Doubles
1	Doubles Flex	Class_Shotgun	SetType_ThreeWR	football/Gameplay/playbooks/PlayLibrary/Formations/Offense/Shotgun/Shotgun	football/Gameplay/playbooks/PlayLibrary/Formations/Offense/Shotgun/Doubles_Flex/Doubles_Flex
608	Doubles Flex Wk Swap	Class_Shotgun	SetType_ThreeWR	football/Gameplay/playbooks/PlayLibrary/Formations/Offense/Shotgun/Shotgun	football/Gameplay/playbooks/PlayLibrary/Formations/Offense/Shotgun/Doubles_Flex_Wk_Pats/Doubles_Flex_Wk_Swap
91	Doubles HB Wk	Class_Shotgun	SetType_ThreeWR	football/Gameplay/playbooks/PlayLibrary/Formations/Offense/Shotgun/Shotgun	football/Gameplay/playbooks/PlayLibrary/Formations/Offense/Shotgun/Doubles_HB_Wk/Doubles_HB_Wk
1370	Doubles Hip	Class_Shotgun	SetType_ThreeWR	football/Gameplay/playbooks/PlayLibrary/Formations/Offense/Shotgun/Shotgun	football/Gameplay/playbooks/PlayLibrary/Formations/Offense/Shotgun/Doubles_Hip/Doubles_Hip
1358	Doubles Off Close Wk	Class_Shotgun	SetType_ThreeWR	football/Gameplay/playbooks/PlayLibrary/Formations/Offense/Shotgun/Shotgun	football/Gameplay/playbooks/PlayLibrary/Formations/Offense/Shotgun/Doubles_Off_Close_Wk/Doubles_Off_Close_Wk
957	Doubles Offset	Class_Shotgun	SetType_ThreeWR	football/Gameplay/playbooks/PlayLibrary/Formations/Offense/Shotgun/Shotgun	football/Gameplay/playbooks/PlayLibrary/Formations/Offense/Shotgun/Doubles_Offset/Doubles_Offset
1008	Doubles Offset Wk	Class_Shotgun	SetType_ThreeWR	football/Gameplay/playbooks/PlayLibrary/Formations/Offense/Shotgun/Shotgun	football/Gameplay/playbooks/PlayLibrary/Formations/Offense/Shotgun/Doubles_Offset_Wk/Doubles_Offset_Wk
906462623	Doubles Clamp Stack	Class_Shotgun	SetType_ThreeWR	football/Gameplay/playbooks/PlayLibrary/Formations/Offense/Shotgun/Shotgun	football/Gameplay/playbooks/PlayLibrary/Formations/Offense/Shotgun/Doubles_Stack_Clamp/Doubles_Stack_Clamp
1075	Doubles Y Off	Class_Shotgun	SetType_ThreeWR	football/Gameplay/playbooks/PlayLibrary/Formations/Offense/Shotgun/Shotgun	football/Gameplay/playbooks/PlayLibrary/Formations/Offense/Shotgun/Doubles_Y_Off/Doubles_Y_Off
3112010712	Doubles Y Off Nasty	Class_Shotgun	SetType_ThreeWR	football/Gameplay/playbooks/PlayLibrary/Formations/Offense/Shotgun/Shotgun	football/Gameplay/playbooks/PlayLibrary/Formations/Offense/Shotgun/Doubles_Y_Off_Nasty/Doubles_Y_Off_Nasty
1079	Doubles Y Off Wk	Class_Shotgun	SetType_ThreeWR	football/Gameplay/playbooks/PlayLibrary/Formations/Offense/Shotgun/Shotgun	football/Gameplay/playbooks/PlayLibrary/Formations/Offense/Shotgun/Doubles_Y_Off_Wk/Doubles_Y_Off_Wk
754	Doubles Y-Flex	Class_Shotgun	SetType_ThreeWR	football/Gameplay/playbooks/PlayLibrary/Formations/Offense/Shotgun/Shotgun	football/Gameplay/playbooks/PlayLibrary/Formations/Offense/Shotgun/Doubles_Y-Flex/Doubles_Y-Flex
1088	Doubles Y-Flex Offset	Class_Shotgun	SetType_ThreeWR	football/Gameplay/playbooks/PlayLibrary/Formations/Offense/Shotgun/Shotgun	football/Gameplay/playbooks/PlayLibrary/Formations/Offense/Shotgun/Doubles_Y-Flex_Offset/Doubles_Y-Flex_Offset
1354	Doubles Z Close	Class_Shotgun	SetType_ThreeWR	football/Gameplay/playbooks/PlayLibrary/Formations/Offense/Shotgun/Shotgun	football/Gameplay/playbooks/PlayLibrary/Formations/Offense/Shotgun/Doubles_Z_Close/Doubles_Z_Close
1357	Doubles Z Close Wk	Class_Shotgun	SetType_ThreeWR	football/Gameplay/playbooks/PlayLibrary/Formations/Offense/Shotgun/Shotgun	football/Gameplay/playbooks/PlayLibrary/Formations/Offense/Shotgun/Doubles_Z_Close_Wk/Doubles_Z_Close_Wk
552632804	Duo	Class_Shotgun	SetType_ThreeWR	football/Gameplay/playbooks/PlayLibrary/Formations/Offense/Shotgun/Shotgun	football/Gameplay/playbooks/PlayLibrary/Formations/Offense/Shotgun/Duo_Offset/Duo_Offset_
3339205418	Duo Slot Open	Class_Shotgun	SetType_ThreeWR	football/Gameplay/playbooks/PlayLibrary/Formations/Offense/Shotgun/Shotgun	football/Gameplay/playbooks/PlayLibrary/Formations/Offense/Shotgun/Duo_Slot_Open/Duo_Slot_Open_
4073731358	Go Go Twins Flex	Class_Shotgun	SetType_Normal	football/Gameplay/playbooks/PlayLibrary/Formations/Offense/Shotgun/Shotgun	football/Gameplay/playbooks/PlayLibrary/Formations/Offense/Shotgun/Duo_Twins_Flex/Duo_Twins_Flex
2995004305	Empty Ace	Class_Shotgun	SetType_Empty	football/Gameplay/playbooks/PlayLibrary/Formations/Offense/Shotgun/Shotgun	football/Gameplay/playbooks/PlayLibrary/Formations/Offense/Shotgun/Empty_Ace/Empty_Ace
658	Empty Base	Class_Shotgun	SetType_ThreeWR	football/Gameplay/playbooks/PlayLibrary/Formations/Offense/Shotgun/Shotgun	football/Gameplay/playbooks/PlayLibrary/Formations/Offense/Shotgun/Empty_Base/Empty_Base
1077	Empty Base Flex	Class_Shotgun	SetType_ThreeWR	football/Gameplay/playbooks/PlayLibrary/Formations/Offense/Shotgun/Shotgun	football/Gameplay/playbooks/PlayLibrary/Formations/Offense/Shotgun/Empty_Base_Flex/Empty_Base_Flex
1361	Empty Base Trio	Class_Shotgun	SetType_ThreeWR	football/Gameplay/playbooks/PlayLibrary/Formations/Offense/Shotgun/Shotgun	football/Gameplay/playbooks/PlayLibrary/Formations/Offense/Shotgun/Empty_Base_Trio/Empty_Base_Trio
974	Empty Bunch	Class_Shotgun	SetType_Bunch	football/Gameplay/playbooks/PlayLibrary/Formations/Offense/Shotgun/Shotgun	football/Gameplay/playbooks/PlayLibrary/Formations/Offense/Shotgun/Empty_Bunch/Empty_Bunch
1408	Empty Bunch Open	Class_Shotgun	SetType_Bunch	football/Gameplay/playbooks/PlayLibrary/Formations/Offense/Shotgun/Shotgun	football/Gameplay/playbooks/PlayLibrary/Formations/Offense/Shotgun/Empty_Bunch_Open/Empty_Bunch_Open
178	Empty Bunch Tight	Class_Shotgun	SetType_Bunch	football/Gameplay/playbooks/PlayLibrary/Formations/Offense/Shotgun/Shotgun	football/Gameplay/playbooks/PlayLibrary/Formations/Offense/Shotgun/Empty_Bunch_Tight/Empty_Bunch_Tight
1127	Empty Bunch Wide	Class_Shotgun	SetType_Bunch	football/Gameplay/playbooks/PlayLibrary/Formations/Offense/Shotgun/Shotgun	football/Gameplay/playbooks/PlayLibrary/Formations/Offense/Shotgun/Empty_Bunch_Wide/Empty_Bunch_Wide
1415	Empty Bunch Y Flex	Class_Shotgun	SetType_Bunch	football/Gameplay/playbooks/PlayLibrary/Formations/Offense/Shotgun/Shotgun	football/Gameplay/playbooks/PlayLibrary/Formations/Offense/Shotgun/Empty_Bunch_Y_Flex/Empty_Bunch_Y_Flex
1360	Empty Chips	Class_Shotgun	SetType_Empty	football/Gameplay/playbooks/PlayLibrary/Formations/Offense/Shotgun/Shotgun	football/Gameplay/playbooks/PlayLibrary/Formations/Offense/Shotgun/Empty_Chips/Empty_Chips
1417	Empty Chips Nasty	Class_Shotgun	SetType_Empty	football/Gameplay/playbooks/PlayLibrary/Formations/Offense/Shotgun/Shotgun	football/Gameplay/playbooks/PlayLibrary/Formations/Offense/Shotgun/Empty_Chips_Nasty/Empty_ChipS_Nasty
1395	Empty Chips Quads	Class_Shotgun	SetType_Trips	football/Gameplay/playbooks/PlayLibrary/Formations/Offense/Shotgun/Shotgun	football/Gameplay/playbooks/PlayLibrary/Formations/Offense/Shotgun/Empty_Chips_Quads/Empty_Chips_Quads
1387	Empty Chips Tight	Class_Shotgun	SetType_Empty	football/Gameplay/playbooks/PlayLibrary/Formations/Offense/Shotgun/Shotgun	football/Gameplay/playbooks/PlayLibrary/Formations/Offense/Shotgun/Empty_Chips_Tight/Empty_Chips_Tight
998	Empty HB Wide	Class_Shotgun	SetType_ThreeWR	football/Gameplay/playbooks/PlayLibrary/Formations/Offense/Shotgun/Shotgun	football/Gameplay/playbooks/PlayLibrary/Formations/Offense/Shotgun/Empty_HB_Wide/Empty_HB_Wide
1291	Empty Quads	Class_Shotgun	SetType_Empty	football/Gameplay/playbooks/PlayLibrary/Formations/Offense/Shotgun/Shotgun	football/Gameplay/playbooks/PlayLibrary/Formations/Offense/Shotgun/Empty_Quads/Empty_Quads
355782738	Empty Sketch Stack	Class_Shotgun	SetType_None	football/Gameplay/playbooks/PlayLibrary/Formations/Offense/Shotgun/Shotgun	football/Gameplay/playbooks/PlayLibrary/Formations/Offense/Shotgun/Empty_Sketch_Stack/Empty_Sketch_Stack
632	Empty Strong Slot	Class_Shotgun	SetType_ThreeWR	football/Gameplay/playbooks/PlayLibrary/Formations/Offense/Shotgun/Shotgun	football/Gameplay/playbooks/PlayLibrary/Formations/Offense/Shotgun/Empty_Steeler/Empty_Steeler
1409	Empty Strong Slots	Class_Shotgun	SetType_Empty	football/Gameplay/playbooks/PlayLibrary/Formations/Offense/Shotgun/Shotgun	football/Gameplay/playbooks/PlayLibrary/Formations/Offense/Shotgun/Empty_Strong_Slots/Empty_Strong_Slots
592	Empty Trey	Class_Shotgun	SetType_ThreeWR	football/Gameplay/playbooks/PlayLibrary/Formations/Offense/Shotgun/Shotgun	football/Gameplay/playbooks/PlayLibrary/Formations/Offense/Shotgun/Empty_Trey/Empty_Trey
210	Empty Trey Flex	Class_Shotgun	SetType_Empty	football/Gameplay/playbooks/PlayLibrary/Formations/Offense/Shotgun/Shotgun	football/Gameplay/playbooks/PlayLibrary/Formations/Offense/Shotgun/Empty_Trey_Flex/Empty_Trey_Flex
1137	Empty Trey Stack	Class_Shotgun	SetType_Empty	football/Gameplay/playbooks/PlayLibrary/Formations/Offense/Shotgun/Shotgun	football/Gameplay/playbooks/PlayLibrary/Formations/Offense/Shotgun/Empty_Trey_Stack/Empty_Trey_Stack
1353	Empty Triple Stack	Class_Shotgun	SetType_ThreeWR	football/Gameplay/playbooks/PlayLibrary/Formations/Offense/Shotgun/Shotgun	football/Gameplay/playbooks/PlayLibrary/Formations/Offense/Shotgun/Empty_Triple_Stack/Empty_Triple_Stack
1418	Empty Trips Speed	Class_Shotgun	SetType_ThreeWR	football/Gameplay/playbooks/PlayLibrary/Formations/Offense/Shotgun/Shotgun	football/Gameplay/playbooks/PlayLibrary/Formations/Offense/Shotgun/Empty_Trips_Speed/Empty_Trips_Speed
136	Empty Y Slot	Class_Shotgun	SetType_ThreeWR	football/Gameplay/playbooks/PlayLibrary/Formations/Offense/Shotgun/Shotgun	football/Gameplay/playbooks/PlayLibrary/Formations/Offense/Shotgun/Empty_Y_Slot/Empty_Y_Slot
370	Flanker Close	Class_Shotgun	SetType_FourWR	football/Gameplay/playbooks/PlayLibrary/Formations/Offense/Shotgun/Shotgun	football/Gameplay/playbooks/PlayLibrary/Formations/Offense/Shotgun/Flanker_Close/Flanker_Close
906	Flanker Close Wk	Class_Shotgun	SetType_ThreeWR	football/Gameplay/playbooks/PlayLibrary/Formations/Offense/Shotgun/Shotgun	football/Gameplay/playbooks/PlayLibrary/Formations/Offense/Shotgun/Flanker_Close_Wk/Flanker_Close_Wk
1144	Flex Y Off	Class_Shotgun	SetType_ThreeWR	football/Gameplay/playbooks/PlayLibrary/Formations/Offense/Shotgun/Shotgun	football/Gameplay/playbooks/PlayLibrary/Formations/Offense/Shotgun/Flex_Y_Off/Flex_Y_Off
1406	Flex Y Off Close	Class_Shotgun	SetType_ThreeWR	football/Gameplay/playbooks/PlayLibrary/Formations/Offense/Shotgun/Shotgun	football/Gameplay/playbooks/PlayLibrary/Formations/Offense/Shotgun/Flex_Y_Off_Close/Flex_Y_Off_Close
1145	Flex Y Off Wk	Class_Shotgun	SetType_ThreeWR	football/Gameplay/playbooks/PlayLibrary/Formations/Offense/Shotgun/Shotgun	football/Gameplay/playbooks/PlayLibrary/Formations/Offense/Shotgun/Flex_Y_Off_Wk/Flex_Y_Off_Wk
844	Double Wing	Class_Shotgun	SetType_Jumbo	football/Gameplay/playbooks/PlayLibrary/Formations/Offense/Shotgun/Shotgun	football/Gameplay/playbooks/PlayLibrary/Formations/Offense/Shotgun/Heavy_Panther/Heavy_Panther
625	Monster	Class_Shotgun_Monster	SetType_ThreeWR	football/Gameplay/playbooks/PlayLibrary/Formations/Offense/Shotgun/Shotgun	football/Gameplay/playbooks/PlayLibrary/Formations/Offense/Shotgun/Monster/Monster
2773030978	Normal Flex Snug	Class_Shotgun	SetType_ThreeWR	football/Gameplay/playbooks/PlayLibrary/Formations/Offense/Shotgun/Shotgun	football/Gameplay/playbooks/PlayLibrary/Formations/Offense/Shotgun/Normal_Flex_Snug/Normal_Flex_Snug
610	Normal Flex Wing	Class_Shotgun	SetType_ThreeWR	football/Gameplay/playbooks/PlayLibrary/Formations/Offense/Shotgun/Shotgun	football/Gameplay/playbooks/PlayLibrary/Formations/Offense/Shotgun/Normal_Flex_Wing/Normal_Flex_Wing
1410	Normal Off Close Wk	Class_Shotgun	SetType_ThreeWR	football/Gameplay/playbooks/PlayLibrary/Formations/Offense/Shotgun/Shotgun	football/Gameplay/playbooks/PlayLibrary/Formations/Offense/Shotgun/Normal_Off_Close_Wk/Normal_Off_Close_Wk
1079877717	Normal Wing Close	Class_Shotgun	SetType_None	football/Gameplay/playbooks/PlayLibrary/Formations/Offense/Shotgun/Shotgun	football/Gameplay/playbooks/PlayLibrary/Formations/Offense/Shotgun/Normal_Wing_Pats_Close/Normal_Wing_Close
509	Normal Y Off	Class_Shotgun	SetType_ThreeWR	football/Gameplay/playbooks/PlayLibrary/Formations/Offense/Shotgun/Shotgun	football/Gameplay/playbooks/PlayLibrary/Formations/Offense/Shotgun/Normal_Y_Off/Normal_Y_Off
1290	Normal Y Off Close	Class_Shotgun	SetType_ThreeWR	football/Gameplay/playbooks/PlayLibrary/Formations/Offense/Shotgun/Shotgun	football/Gameplay/playbooks/PlayLibrary/Formations/Offense/Shotgun/Normal_Y_Off_Close/Normal_Y_Off_Close
521	Normal Y Off Wk	Class_Shotgun	SetType_ThreeWR	football/Gameplay/playbooks/PlayLibrary/Formations/Offense/Shotgun/Shotgun	football/Gameplay/playbooks/PlayLibrary/Formations/Offense/Shotgun/Normal_Y_Off_Wk/Normal_Y_Off_Wk
522	Open Flex	Class_Shotgun	SetType_ThreeWR	football/Gameplay/playbooks/PlayLibrary/Formations/Offense/Shotgun/Shotgun	football/Gameplay/playbooks/PlayLibrary/Formations/Offense/Shotgun/Open_Flex/Open_Flex
881	Slot Left	Class_Shotgun	SetType_ThreeWR	football/Gameplay/playbooks/PlayLibrary/Formations/Offense/Shotgun/Shotgun	football/Gameplay/playbooks/PlayLibrary/Formations/Offense/Shotgun/Slot_Left/Slot_Left
876	Slot Right	Class_Shotgun	SetType_ThreeWR	football/Gameplay/playbooks/PlayLibrary/Formations/Offense/Shotgun/Shotgun	football/Gameplay/playbooks/PlayLibrary/Formations/Offense/Shotgun/Slot_Right/Slot_Right
1403	Gadget Backfield	Class_Shotgun	SetType_Normal	football/Gameplay/playbooks/PlayLibrary/Formations/Offense/Shotgun/Shotgun	football/Gameplay/playbooks/PlayLibrary/Formations/Offense/Shotgun/Slot_WR_Backfield/Gadget_Backfield
388	Split Close	Class_Shotgun	SetType_ThreeWR	football/Gameplay/playbooks/PlayLibrary/Formations/Offense/Shotgun/Shotgun	football/Gameplay/playbooks/PlayLibrary/Formations/Offense/Shotgun/Split_Close/Split_Close
1282	Split Close Pro	Class_Shotgun	SetType_Normal	football/Gameplay/playbooks/PlayLibrary/Formations/Offense/Shotgun/Shotgun	football/Gameplay/playbooks/PlayLibrary/Formations/Offense/Shotgun/Split_Close_Pro/Split_Close_Pro
660	Split Cowboy	Class_Shotgun	SetType_ThreeWR	football/Gameplay/playbooks/PlayLibrary/Formations/Offense/Shotgun/Shotgun	football/Gameplay/playbooks/PlayLibrary/Formations/Offense/Shotgun/Split_Cowboy/Split_Cowboy
1432	Split Flanker Close	Class_Shotgun	SetType_ThreeWR	football/Gameplay/playbooks/PlayLibrary/Formations/Offense/Shotgun/Shotgun	football/Gameplay/playbooks/PlayLibrary/Formations/Offense/Shotgun/Split_Flanker_Close/Split_Flanker_Close
364	Split Offset	Class_Shotgun	SetType_ThreeWR	football/Gameplay/playbooks/PlayLibrary/Formations/Offense/Shotgun/Shotgun	football/Gameplay/playbooks/PlayLibrary/Formations/Offense/Shotgun/Split_Offset/Split_Offset
1562262766	Split Pro Near	Class_Shotgun	SetType_Normal	football/Gameplay/playbooks/PlayLibrary/Formations/Offense/Shotgun/Shotgun	football/Gameplay/playbooks/PlayLibrary/Formations/Offense/Shotgun/Split_Pro_Near/Split_Pro_Near
1427	Split Pro Offset Wk	Class_Shotgun	SetType_Normal	football/Gameplay/playbooks/PlayLibrary/Formations/Offense/Shotgun/Shotgun	football/Gameplay/playbooks/PlayLibrary/Formations/Offense/Shotgun/Split_Pro_Offset_Wk/Split_Pro_Offset_Wk
133	Split Slot Offset	Class_Shotgun	SetType_ThreeWR	football/Gameplay/playbooks/PlayLibrary/Formations/Offense/Shotgun/Shotgun	football/Gameplay/playbooks/PlayLibrary/Formations/Offense/Shotgun/Split_Slot_Offset/Split_Slot_Offset
44	Split Slot Open	Class_Shotgun	SetType_ThreeWR	football/Gameplay/playbooks/PlayLibrary/Formations/Offense/Shotgun/Shotgun	football/Gameplay/playbooks/PlayLibrary/Formations/Offense/Shotgun/Split_Slot_Open/Split_Slot_Open
363	Split Twins	Class_Shotgun	SetType_Normal	football/Gameplay/playbooks/PlayLibrary/Formations/Offense/Shotgun/Shotgun	football/Gameplay/playbooks/PlayLibrary/Formations/Offense/Shotgun/Split_Twins/Split_Twins
3923375565	Split Twins Offset	Class_Shotgun	SetType_Normal	football/Gameplay/playbooks/PlayLibrary/Formations/Offense/Shotgun/Shotgun	football/Gameplay/playbooks/PlayLibrary/Formations/Offense/Shotgun/Split_Twins_Offset/Split_Twins_Offset
939491803	Split Twins Offset Close	Class_Shotgun	SetType_Normal	football/Gameplay/playbooks/PlayLibrary/Formations/Offense/Shotgun/Shotgun	football/Gameplay/playbooks/PlayLibrary/Formations/Offense/Shotgun/Split_Twins_Offset_Close/Split_Twins_Offset_Close
1407	Split Twins Stack	Class_Shotgun	SetType_Big	football/Gameplay/playbooks/PlayLibrary/Formations/Offense/Shotgun/Shotgun	football/Gameplay/playbooks/PlayLibrary/Formations/Offense/Shotgun/Split_Twins_Stack/Split_Twins_Stack
1767430712	Split U Off Close	Class_Shotgun	SetType_Big	football/Gameplay/playbooks/PlayLibrary/Formations/Offense/Shotgun/Shotgun	football/Gameplay/playbooks/PlayLibrary/Formations/Offense/Shotgun/Split_U_Off_Close/Split_U_Off_Close
1289	Split Wing Nasty	Class_Shotgun	SetType_Big	football/Gameplay/playbooks/PlayLibrary/Formations/Offense/Shotgun/Shotgun	football/Gameplay/playbooks/PlayLibrary/Formations/Offense/Shotgun/Split_Wing_Nasty/Split_Wing_Nasty
1299	Split WR Backfield	Class_Shotgun	SetType_ThreeWR	football/Gameplay/playbooks/PlayLibrary/Formations/Offense/Shotgun/Shotgun	football/Gameplay/playbooks/PlayLibrary/Formations/Offense/Shotgun/Split_WR_Backfield/Split_WR_Backfield
1391	Split Y Off	Class_Shotgun	SetType_Normal	football/Gameplay/playbooks/PlayLibrary/Formations/Offense/Shotgun/Shotgun	football/Gameplay/playbooks/PlayLibrary/Formations/Offense/Shotgun/Split_Y_Off/Split_Y_Off
2712154425	Split Y Off Close	Class_Shotgun	SetType_Normal	football/Gameplay/playbooks/PlayLibrary/Formations/Offense/Shotgun/Shotgun	football/Gameplay/playbooks/PlayLibrary/Formations/Offense/Shotgun/Split_Y_Off_Close/Split_Y_Off_Close
207	Split Y-Flex	Class_Shotgun	SetType_Normal	football/Gameplay/playbooks/PlayLibrary/Formations/Offense/Shotgun/Shotgun	football/Gameplay/playbooks/PlayLibrary/Formations/Offense/Shotgun/Split_Y-Flex/Split_Y-Flex
233	Spread	Class_Shotgun	SetType_FourWR	football/Gameplay/playbooks/PlayLibrary/Formations/Offense/Shotgun/Shotgun	football/Gameplay/playbooks/PlayLibrary/Formations/Offense/Shotgun/Spread/Spread
31	Spread 4WR	Class_Shotgun	SetType_ThreeWR	football/Gameplay/playbooks/PlayLibrary/Formations/Offense/Shotgun/Shotgun	football/Gameplay/playbooks/PlayLibrary/Formations/Offense/Shotgun/Spread_4WR/Spread_4WR
369	Spread Dbl Flex	Class_Shotgun	SetType_ThreeWR	football/Gameplay/playbooks/PlayLibrary/Formations/Offense/Shotgun/Shotgun	football/Gameplay/playbooks/PlayLibrary/Formations/Offense/Shotgun/Spread_Dbl_Flex/Spread_Dbl_Flex
1347	Spread Dbl Flex Wk	Class_Shotgun	SetType_ThreeWR	football/Gameplay/playbooks/PlayLibrary/Formations/Offense/Shotgun/Shotgun	football/Gameplay/playbooks/PlayLibrary/Formations/Offense/Shotgun/Spread_Dbl_Flex_Wk/Spread_Dbl_Flex_Wk
368	Spread Flex	Class_Shotgun	SetType_ThreeWR	football/Gameplay/playbooks/PlayLibrary/Formations/Offense/Shotgun/Shotgun	football/Gameplay/playbooks/PlayLibrary/Formations/Offense/Shotgun/Spread_Flex/Spread_Flex
3672085185	Spread Slots Close	Class_Shotgun	SetType_FourWR	football/Gameplay/playbooks/PlayLibrary/Formations/Offense/Shotgun/Shotgun	football/Gameplay/playbooks/PlayLibrary/Formations/Offense/Shotgun/Spread_Slots_Close/Spread_Slots_Close
583	Spread Y-Flex	Class_Shotgun	SetType_ThreeWR	football/Gameplay/playbooks/PlayLibrary/Formations/Offense/Shotgun/Shotgun	football/Gameplay/playbooks/PlayLibrary/Formations/Offense/Shotgun/Spread_Y-Flex/Spread_Y-Flex
513	Spread Y-Flex Wk	Class_Shotgun	SetType_ThreeWR	football/Gameplay/playbooks/PlayLibrary/Formations/Offense/Shotgun/Shotgun	football/Gameplay/playbooks/PlayLibrary/Formations/Offense/Shotgun/Spread_Y-Flex_Wk/Spread_Y-Flex_Wk
591	Spread Y-Slot	Class_Shotgun	SetType_ThreeWR	football/Gameplay/playbooks/PlayLibrary/Formations/Offense/Shotgun/Shotgun	football/Gameplay/playbooks/PlayLibrary/Formations/Offense/Shotgun/Spread_Y-Slot/Spread_Y-Slot
512	Spread Y-Slot Wk	Class_Shotgun	SetType_ThreeWR	football/Gameplay/playbooks/PlayLibrary/Formations/Offense/Shotgun/Shotgun	football/Gameplay/playbooks/PlayLibrary/Formations/Offense/Shotgun/Spread_Y-Slot_Wk/Spread_Y-Slot_Wk
1138	Stack HB Wk	Class_Shotgun	SetType_ThreeWR	football/Gameplay/playbooks/PlayLibrary/Formations/Offense/Shotgun/Shotgun	football/Gameplay/playbooks/PlayLibrary/Formations/Offense/Shotgun/Stack_HB_Wk/Stack_HB_Wk
1184	Stack Y Off	Class_Shotgun	SetType_ThreeWR	football/Gameplay/playbooks/PlayLibrary/Formations/Offense/Shotgun/Shotgun	football/Gameplay/playbooks/PlayLibrary/Formations/Offense/Shotgun/Stack_Y_Off/Stack_Y_Off
1128	Stack Y-Flex	Class_Shotgun	SetType_ThreeWR	football/Gameplay/playbooks/PlayLibrary/Formations/Offense/Shotgun/Shotgun	football/Gameplay/playbooks/PlayLibrary/Formations/Offense/Shotgun/Stack_Y-Flex/Stack_Y-Flex
1016	Tackle Over	Class_Shotgun	SetType_ThreeWR	football/Gameplay/playbooks/PlayLibrary/Formations/Offense/Shotgun/Shotgun	football/Gameplay/playbooks/PlayLibrary/Formations/Offense/Shotgun/Tackle_Over/Tackle_Over
1015	Tackle Over Trips	Class_Shotgun	SetType_ThreeWR	football/Gameplay/playbooks/PlayLibrary/Formations/Offense/Shotgun/Shotgun	football/Gameplay/playbooks/PlayLibrary/Formations/Offense/Shotgun/Tackle_Over_Trips/Tackle_Over_Trips
179	Tight	Class_Shotgun	SetType_ThreeWR	football/Gameplay/playbooks/PlayLibrary/Formations/Offense/Shotgun/Shotgun	football/Gameplay/playbooks/PlayLibrary/Formations/Offense/Shotgun/Tight/Tight
1405	Tight Base Flex	Class_Shotgun	SetType_Normal	football/Gameplay/playbooks/PlayLibrary/Formations/Offense/Shotgun/Shotgun	football/Gameplay/playbooks/PlayLibrary/Formations/Offense/Shotgun/Tight_Base_Flex/Tight_Base_Flex
747	Tight Doubles	Class_Shotgun	SetType_ThreeWR	football/Gameplay/playbooks/PlayLibrary/Formations/Offense/Shotgun/Shotgun	football/Gameplay/playbooks/PlayLibrary/Formations/Offense/Shotgun/Tight_Doubles/Tight_Doubles
582	Tight Flex	Class_Shotgun	SetType_ThreeWR	football/Gameplay/playbooks/PlayLibrary/Formations/Offense/Shotgun/Shotgun	football/Gameplay/playbooks/PlayLibrary/Formations/Offense/Shotgun/Tight_Flex/Tight_Flex
2516966931	Tight Flex Offset	Class_Shotgun	SetType_ThreeWR	football/Gameplay/playbooks/PlayLibrary/Formations/Offense/Shotgun/Shotgun	football/Gameplay/playbooks/PlayLibrary/Formations/Offense/Shotgun/Tight_Flex_Offset/Tight_Flex_Offset
1312049207	Tight Flex Wk	Class_Shotgun	SetType_ThreeWR	football/Gameplay/playbooks/PlayLibrary/Formations/Offense/Shotgun/Shotgun	football/Gameplay/playbooks/PlayLibrary/Formations/Offense/Shotgun/Tight_Flex_Wk/Tight_Flex_Wk
1000	Tight Offset TE	Class_Shotgun	SetType_ThreeWR	football/Gameplay/playbooks/PlayLibrary/Formations/Offense/Shotgun/Shotgun	football/Gameplay/playbooks/PlayLibrary/Formations/Offense/Shotgun/Tight_Offset_TE/Tight_Offset_TE
1340	Tight Open	Class_Shotgun	SetType_ThreeWR	football/Gameplay/playbooks/PlayLibrary/Formations/Offense/Shotgun/Shotgun	football/Gameplay/playbooks/PlayLibrary/Formations/Offense/Shotgun/Tight_Open/Tight_Open
1429	Tight Slot Flip	Class_Shotgun	SetType_Trips	football/Gameplay/playbooks/PlayLibrary/Formations/Offense/Shotgun/Shotgun	football/Gameplay/playbooks/PlayLibrary/Formations/Offense/Shotgun/Tight_Slot_Flip/Tight_Slot_Flip
1126	Tight Slot Open	Class_Shotgun	SetType_ThreeWR	football/Gameplay/playbooks/PlayLibrary/Formations/Offense/Shotgun/Shotgun	football/Gameplay/playbooks/PlayLibrary/Formations/Offense/Shotgun/Tight_Slot_Open/Tight_Slot_Open
387	Tight Slots	Class_Shotgun	SetType_ThreeWR	football/Gameplay/playbooks/PlayLibrary/Formations/Offense/Shotgun/Shotgun	football/Gameplay/playbooks/PlayLibrary/Formations/Offense/Shotgun/Tight_Slots/Tight_Slots
1174	Tight Slots HB Wk	Class_Shotgun	SetType_ThreeWR	football/Gameplay/playbooks/PlayLibrary/Formations/Offense/Shotgun/Shotgun	football/Gameplay/playbooks/PlayLibrary/Formations/Offense/Shotgun/Tight_Slots_HB_Wk/Tight_Slots_HB_Wk
1294	Tight Y Off	Class_Shotgun	SetType_ThreeWR	football/Gameplay/playbooks/PlayLibrary/Formations/Offense/Shotgun/Shotgun	football/Gameplay/playbooks/PlayLibrary/Formations/Offense/Shotgun/Tight_Y_Off/Tight_Y_Off
1295	Tight Y Off Wk	Class_Shotgun	SetType_ThreeWR	football/Gameplay/playbooks/PlayLibrary/Formations/Offense/Shotgun/Shotgun	football/Gameplay/playbooks/PlayLibrary/Formations/Offense/Shotgun/Tight_Y_Off_Wk/Tight_Y_Off_Wk
589	Trey	Class_Shotgun	SetType_Trips	football/Gameplay/playbooks/PlayLibrary/Formations/Offense/Shotgun/Shotgun	football/Gameplay/playbooks/PlayLibrary/Formations/Offense/Shotgun/Trey/Trey
206	Trey 4WR	Class_Shotgun	SetType_Trips	football/Gameplay/playbooks/PlayLibrary/Formations/Offense/Shotgun/Shotgun	football/Gameplay/playbooks/PlayLibrary/Formations/Offense/Shotgun/Trey_4WR/Trey_4WR
1076	Trey Offset	Class_Shotgun	SetType_Trips	football/Gameplay/playbooks/PlayLibrary/Formations/Offense/Shotgun/Shotgun	football/Gameplay/playbooks/PlayLibrary/Formations/Offense/Shotgun/Trey_Offset/Trey_Offset
737	Trey Open	Class_Shotgun	SetType_Trips	football/Gameplay/playbooks/PlayLibrary/Formations/Offense/Shotgun/Shotgun	football/Gameplay/playbooks/PlayLibrary/Formations/Offense/Shotgun/Trey_Open/Trey_Open
1183	Trey Open HB Str	Class_Shotgun	SetType_Trips	football/Gameplay/playbooks/PlayLibrary/Formations/Offense/Shotgun/Shotgun	football/Gameplay/playbooks/PlayLibrary/Formations/Offense/Shotgun/Trey_Open_HB_Str/Trey_Open_HB_Str
952	Trey Open Offset	Class_Shotgun	SetType_Trips	football/Gameplay/playbooks/PlayLibrary/Formations/Offense/Shotgun/Shotgun	football/Gameplay/playbooks/PlayLibrary/Formations/Offense/Shotgun/Trey_Open_Offset/Trey_Open_Offset
819	Trey Y Iso	Class_Shotgun	SetType_Trips	football/Gameplay/playbooks/PlayLibrary/Formations/Offense/Shotgun/Shotgun	football/Gameplay/playbooks/PlayLibrary/Formations/Offense/Shotgun/Trey_Y_Iso/Trey_Y_Iso
1081	Trey Y-Flex	Class_Shotgun	SetType_Trips	football/Gameplay/playbooks/PlayLibrary/Formations/Offense/Shotgun/Shotgun	football/Gameplay/playbooks/PlayLibrary/Formations/Offense/Shotgun/Trey_Y-Flex/Trey_Y-Flex
1087	Trey Y-Flex Str	Class_Shotgun	SetType_Trips	football/Gameplay/playbooks/PlayLibrary/Formations/Offense/Shotgun/Shotgun	football/Gameplay/playbooks/PlayLibrary/Formations/Offense/Shotgun/Trey_Y-Flex_Str/Trey_Y-Flex_Str
605	Trio	Class_Shotgun	SetType_Trips	football/Gameplay/playbooks/PlayLibrary/Formations/Offense/Shotgun/Shotgun	football/Gameplay/playbooks/PlayLibrary/Formations/Offense/Shotgun/Trio/Trio
504	Trio 4WR Str	Class_Shotgun	SetType_Trips	football/Gameplay/playbooks/PlayLibrary/Formations/Offense/Shotgun/Shotgun	football/Gameplay/playbooks/PlayLibrary/Formations/Offense/Shotgun/Trio_4WR_Str/Trio_4WR_Str
362	Trio HB Wk	Class_Shotgun	SetType_Trips	football/Gameplay/playbooks/PlayLibrary/Formations/Offense/Shotgun/Shotgun	football/Gameplay/playbooks/PlayLibrary/Formations/Offense/Shotgun/Trio_HB_Wk/Trio_HB_Wk
606	Trio Offset	Class_Shotgun	SetType_Trips	football/Gameplay/playbooks/PlayLibrary/Formations/Offense/Shotgun/Shotgun	football/Gameplay/playbooks/PlayLibrary/Formations/Offense/Shotgun/Trio_Offset/Trio_Offset
1007	Trio Offset Wk	Class_Shotgun	SetType_Trips	football/Gameplay/playbooks/PlayLibrary/Formations/Offense/Shotgun/Shotgun	football/Gameplay/playbooks/PlayLibrary/Formations/Offense/Shotgun/Trio_Offset_Wk/Trio_Offset_Wk
1302	Trio Rt Open	Class_Shotgun	SetType_Trips	football/Gameplay/playbooks/PlayLibrary/Formations/Offense/Shotgun/Shotgun	football/Gameplay/playbooks/PlayLibrary/Formations/Offense/Shotgun/Trio_Rt_Open/Trio_Rt_Open
818	Trio Y-Flex	Class_Shotgun	SetType_Trips	football/Gameplay/playbooks/PlayLibrary/Formations/Offense/Shotgun/Shotgun	football/Gameplay/playbooks/PlayLibrary/Formations/Offense/Shotgun/Trio_Y-Flex/Trio_Y-Flex
350	Trips	Class_Shotgun	SetType_Trips	football/Gameplay/playbooks/PlayLibrary/Formations/Offense/Shotgun/Shotgun	football/Gameplay/playbooks/PlayLibrary/Formations/Offense/Shotgun/Trips/Trips
382	Trips HB Wk	Class_Shotgun	SetType_Trips	football/Gameplay/playbooks/PlayLibrary/Formations/Offense/Shotgun/Shotgun	football/Gameplay/playbooks/PlayLibrary/Formations/Offense/Shotgun/Trips_HB_Wk/Trips_HB_Wk
2450487512	Trips Slots Close	Class_Shotgun	SetType_Trips	football/Gameplay/playbooks/PlayLibrary/Formations/Offense/Shotgun/Shotgun	football/Gameplay/playbooks/PlayLibrary/Formations/Offense/Shotgun/Trips_Slots_Close/Trips_Slots_Close
156	Trips TE	Class_Shotgun	SetType_Trips	football/Gameplay/playbooks/PlayLibrary/Formations/Offense/Shotgun/Shotgun	football/Gameplay/playbooks/PlayLibrary/Formations/Offense/Shotgun/Trips_TE/Trips_TE
1080	Trips TE Flex	Class_Shotgun	SetType_Trips	football/Gameplay/playbooks/PlayLibrary/Formations/Offense/Shotgun/Shotgun	football/Gameplay/playbooks/PlayLibrary/Formations/Offense/Shotgun/Trips_TE_Flex/Trips_TE_Flex
583707696	Trips TE Flex Close Wk	Class_Shotgun	SetType_Trips	football/Gameplay/playbooks/PlayLibrary/Formations/Offense/Shotgun/Shotgun	football/Gameplay/playbooks/PlayLibrary/Formations/Offense/Shotgun/Trips_TE_Flex_Close_Wk/Trips_TE_Flex_Close_Wk
960	Trips TE Offset	Class_Shotgun	SetType_Trips	football/Gameplay/playbooks/PlayLibrary/Formations/Offense/Shotgun/Shotgun	football/Gameplay/playbooks/PlayLibrary/Formations/Offense/Shotgun/Trips_TE_Offset/Trips_TE_Offset
1424	Trips TE Offset Wk	Class_Shotgun	SetType_Trips	football/Gameplay/playbooks/PlayLibrary/Formations/Offense/Shotgun/Shotgun	football/Gameplay/playbooks/PlayLibrary/Formations/Offense/Shotgun/Trips_TE_Offset_Wk/Trips_TE_Offset_Wk
1362	Trips X Nasty	Class_Shotgun	SetType_Trips	football/Gameplay/playbooks/PlayLibrary/Formations/Offense/Shotgun/Shotgun	football/Gameplay/playbooks/PlayLibrary/Formations/Offense/Shotgun/Trips_X_Nasty/Trips_X_Nasty
2207852748	Trips X Nasty Off Wk	Class_Shotgun	SetType_Trips	football/Gameplay/playbooks/PlayLibrary/Formations/Offense/Shotgun/Shotgun	football/Gameplay/playbooks/PlayLibrary/Formations/Offense/Shotgun/Trips_X_Nasty_Offset_Wk/Trips_X_Nasty_Offset_Wk
823	Trips Y Iso	Class_Shotgun	SetType_Trips	football/Gameplay/playbooks/PlayLibrary/Formations/Offense/Shotgun/Shotgun	football/Gameplay/playbooks/PlayLibrary/Formations/Offense/Shotgun/Trips_Y_Iso/Trips_Y_Iso
1426	Trips Y Slot Str	Class_Shotgun	SetType_Trips	football/Gameplay/playbooks/PlayLibrary/Formations/Offense/Shotgun/Shotgun	football/Gameplay/playbooks/PlayLibrary/Formations/Offense/Shotgun/Trips_Y_Slot_Str/Trips_Y_Slot_Str
168	Trips Y-Flex	Class_Shotgun	SetType_Trips	football/Gameplay/playbooks/PlayLibrary/Formations/Offense/Shotgun/Shotgun	football/Gameplay/playbooks/PlayLibrary/Formations/Offense/Shotgun/Trips_Y-Flex/Trips_Y-Flex
3154703363	U Off Stack	Class_Shotgun	SetType_Normal	football/Gameplay/playbooks/PlayLibrary/Formations/Offense/Shotgun/Shotgun	football/Gameplay/playbooks/PlayLibrary/Formations/Offense/Shotgun/U_Off_Stack/U_Off_Stack
1363	U Off Trips	Class_Shotgun	SetType_Normal	football/Gameplay/playbooks/PlayLibrary/Formations/Offense/Shotgun/Shotgun	football/Gameplay/playbooks/PlayLibrary/Formations/Offense/Shotgun/U_Off_Trips/U_Off_Trips
1495779055	U Off Trips Flex	Class_Shotgun	SetType_Normal	football/Gameplay/playbooks/PlayLibrary/Formations/Offense/Shotgun/Shotgun	football/Gameplay/playbooks/PlayLibrary/Formations/Offense/Shotgun/U_Off_Trips_Flex/U_Off_Trips_Flex
1425	U Off Trips Wk	Class_Shotgun	SetType_Normal	football/Gameplay/playbooks/PlayLibrary/Formations/Offense/Shotgun/Shotgun	football/Gameplay/playbooks/PlayLibrary/Formations/Offense/Shotgun/U_Off_Trips_Wk/U_Off_Trips_Wk
1470306445	Wide 5WR	Class_Shotgun	SetType_Empty	football/Gameplay/playbooks/PlayLibrary/Formations/Offense/Shotgun/Shotgun	football/Gameplay/playbooks/PlayLibrary/Formations/Offense/Shotgun/Wide_5WR/Wide_5WR
2734408075	Wide Doubles Y Off Wk	Class_Shotgun	SetType_ThreeWR	football/Gameplay/playbooks/PlayLibrary/Formations/Offense/Shotgun/Shotgun	football/Gameplay/playbooks/PlayLibrary/Formations/Offense/Shotgun/Wide_Doubles_Y_Off_Wk/Wide_Doubles_Y_Off_Wk
1249475075	Wide Normal Y Off	Class_Shotgun	SetType_ThreeWR	football/Gameplay/playbooks/PlayLibrary/Formations/Offense/Shotgun/Shotgun	football/Gameplay/playbooks/PlayLibrary/Formations/Offense/Shotgun/Wide_Normal_Y_Off/Wide_Normal_Y_Off
2856705533	Wide Slot Left	Class_Shotgun	SetType_ThreeWR	football/Gameplay/playbooks/PlayLibrary/Formations/Offense/Shotgun/Shotgun	football/Gameplay/playbooks/PlayLibrary/Formations/Offense/Shotgun/Wide_Slot_Left/Wide_Slot_Left_
3116774278	Wide Slot Right Wk	Class_Shotgun	SetType_ThreeWR	football/Gameplay/playbooks/PlayLibrary/Formations/Offense/Shotgun/Shotgun	football/Gameplay/playbooks/PlayLibrary/Formations/Offense/Shotgun/Wide_Slot_Right_Wk/Wide_Slot_Right_Wk
1440	Wide Trips	Class_Shotgun	SetType_Trips	football/Gameplay/playbooks/PlayLibrary/Formations/Offense/Shotgun/Shotgun	football/Gameplay/playbooks/PlayLibrary/Formations/Offense/Shotgun/Wide_Trips/Wide_Trips
94134888	Wide Trips HB Wk	Class_Shotgun	SetType_Trips	football/Gameplay/playbooks/PlayLibrary/Formations/Offense/Shotgun/Shotgun	football/Gameplay/playbooks/PlayLibrary/Formations/Offense/Shotgun/Wide_Trips_HB_Wk/Wide_Trips_HB_Wk
1173592659	Wide Y Off Trips	Class_Shotgun	SetType_Trips	football/Gameplay/playbooks/PlayLibrary/Formations/Offense/Shotgun/Shotgun	football/Gameplay/playbooks/PlayLibrary/Formations/Offense/Shotgun/Wide_Y_Off_Trips/Wide_Y_Off_Trips
4116053986	Wide Y Trips Wk	Class_Shotgun	SetType_Trips	football/Gameplay/playbooks/PlayLibrary/Formations/Offense/Shotgun/Shotgun	football/Gameplay/playbooks/PlayLibrary/Formations/Offense/Shotgun/Wide_Y_Trips_Wk/Wide_Y_Trips_Wk_
577	Wing	Class_Shotgun	SetType_Normal	football/Gameplay/playbooks/PlayLibrary/Formations/Offense/Shotgun/Shotgun	football/Gameplay/playbooks/PlayLibrary/Formations/Offense/Shotgun/Wing/Wing
3137027130	Wing Close Offset	Class_Shotgun	SetType_Normal	football/Gameplay/playbooks/PlayLibrary/Formations/Offense/Shotgun/Shotgun	football/Gameplay/playbooks/PlayLibrary/Formations/Offense/Shotgun/Wing_Close_Offset/Wing_Close
1148	Wing Flex Offset	Class_Shotgun	SetType_Normal	football/Gameplay/playbooks/PlayLibrary/Formations/Offense/Shotgun/Shotgun	football/Gameplay/playbooks/PlayLibrary/Formations/Offense/Shotgun/Wing_Flex_Offset/Wing_Flex_Offset
1014	Wing Flex Offset Wk	Class_Shotgun	SetType_Normal	football/Gameplay/playbooks/PlayLibrary/Formations/Offense/Shotgun/Shotgun	football/Gameplay/playbooks/PlayLibrary/Formations/Offense/Shotgun/Wing_Flex_Offset_Wk/Wing_Flex_Offset_Wk
588228657	Wing HB Wk Close	Class_Shotgun	SetType_Normal	football/Gameplay/playbooks/PlayLibrary/Formations/Offense/Shotgun/Shotgun	football/Gameplay/playbooks/PlayLibrary/Formations/Offense/Shotgun/Wing_HB_Wk_Close/Wing_HB_Wk_Close
1943	Wing Pair	Class_Shotgun	SetType_Jumbo	football/Gameplay/playbooks/PlayLibrary/Formations/Offense/Shotgun/Shotgun	football/Gameplay/playbooks/PlayLibrary/Formations/Offense/Shotgun/Wing_Pair/Wing_Pair
1147	Wing Slot Offset	Class_Shotgun	SetType_Normal	football/Gameplay/playbooks/PlayLibrary/Formations/Offense/Shotgun/Shotgun	football/Gameplay/playbooks/PlayLibrary/Formations/Offense/Shotgun/Wing_Slot_Offset/Wing_Slot_Offset
3678805404	Wing Slot Offset Wk	Class_Shotgun	SetType_Normal	football/Gameplay/playbooks/PlayLibrary/Formations/Offense/Shotgun/Shotgun	football/Gameplay/playbooks/PlayLibrary/Formations/Offense/Shotgun/Wing_Slot_Offset_Wk/Wing_Slot_Offset_Wk
380	Wing Slot Wk	Class_Shotgun	SetType_Normal	football/Gameplay/playbooks/PlayLibrary/Formations/Offense/Shotgun/Shotgun	football/Gameplay/playbooks/PlayLibrary/Formations/Offense/Shotgun/Wing_Slot_Wk/Wing_Slot_Wk
1143	Wing Stack	Class_Shotgun	SetType_Normal	football/Gameplay/playbooks/PlayLibrary/Formations/Offense/Shotgun/Shotgun	football/Gameplay/playbooks/PlayLibrary/Formations/Offense/Shotgun/Wing_Stack/Wing_Stack
1416	Wing Stack Wk	Class_Shotgun	SetType_Normal	football/Gameplay/playbooks/PlayLibrary/Formations/Offense/Shotgun/Shotgun	football/Gameplay/playbooks/PlayLibrary/Formations/Offense/Shotgun/Wing_Stack_Wk/Wing_Stack_Wk
1149	Wing Tight	Class_Shotgun	SetType_Jumbo	football/Gameplay/playbooks/PlayLibrary/Formations/Offense/Shotgun/Shotgun	football/Gameplay/playbooks/PlayLibrary/Formations/Offense/Shotgun/Wing_Tight/Wing_Tight
4134148732	Wing Tight Flip	Class_Shotgun	SetType_Jumbo	football/Gameplay/playbooks/PlayLibrary/Formations/Offense/Shotgun/Shotgun	football/Gameplay/playbooks/PlayLibrary/Formations/Offense/Shotgun/Wing_Tight_Flip/Wing_Tight_Flip
1382	Wing Tight Nasty	Class_Shotgun	SetType_Jumbo	football/Gameplay/playbooks/PlayLibrary/Formations/Offense/Shotgun/Shotgun	football/Gameplay/playbooks/PlayLibrary/Formations/Offense/Shotgun/Wing_Tight_Nasty/Wing_Tight_Nasty
1940	Wing Tight Z	Class_Shotgun	SetType_Jumbo	football/Gameplay/playbooks/PlayLibrary/Formations/Offense/Shotgun/Shotgun	football/Gameplay/playbooks/PlayLibrary/Formations/Offense/Shotgun/Wing_Tight_Z/Wing_Tight_Z
1342339620	Wing Trio	Class_Shotgun	SetType_Trips	football/Gameplay/playbooks/PlayLibrary/Formations/Offense/Shotgun/Shotgun	football/Gameplay/playbooks/PlayLibrary/Formations/Offense/Shotgun/Wing_Trio/Wing_Trio
523	Wing Trips Wk	Class_Shotgun	SetType_Trips	football/Gameplay/playbooks/PlayLibrary/Formations/Offense/Shotgun/Shotgun	football/Gameplay/playbooks/PlayLibrary/Formations/Offense/Shotgun/Wing_Trips_Wk/Wing_Trips_Wk
1001221220	Wing Trips Wk Nasty	Class_Shotgun	SetType_Trips	football/Gameplay/playbooks/PlayLibrary/Formations/Offense/Shotgun/Shotgun	football/Gameplay/playbooks/PlayLibrary/Formations/Offense/Shotgun/Wing_Trips_Wk_Nasty/Wing_Trips_Wk_Nasty
3073604744	Wing Trips Wk Nasty Goose	Class_Shotgun	SetType_Trips	football/Gameplay/playbooks/PlayLibrary/Formations/Offense/Shotgun/Shotgun	football/Gameplay/playbooks/PlayLibrary/Formations/Offense/Shotgun/Wing_Trips_Wk_Nasty_Mug/Wing_Trips_Wk_Nasty_Goose
2570150618	Y Off Trio Close	Class_Shotgun	SetType_Trips	football/Gameplay/playbooks/PlayLibrary/Formations/Offense/Shotgun/Shotgun	football/Gameplay/playbooks/PlayLibrary/Formations/Offense/Shotgun/Y_Off_Trio_Close/Y_Off_Trio_Close
792037477	Y Off Trio Close Wk	Class_Shotgun	SetType_Trips	football/Gameplay/playbooks/PlayLibrary/Formations/Offense/Shotgun/Shotgun	football/Gameplay/playbooks/PlayLibrary/Formations/Offense/Shotgun/Y_Off_Trio_Close_Wk/Y_Off_Trio_Close_Wk
218	Y Off Trio Wk	Class_Shotgun	SetType_Trips	football/Gameplay/playbooks/PlayLibrary/Formations/Offense/Shotgun/Shotgun	football/Gameplay/playbooks/PlayLibrary/Formations/Offense/Shotgun/Y_Off_Trio_Wk/Y_Off_Trio_Wk
1009	Y Off Trips	Class_Shotgun	SetType_Trips	football/Gameplay/playbooks/PlayLibrary/Formations/Offense/Shotgun/Shotgun	football/Gameplay/playbooks/PlayLibrary/Formations/Offense/Shotgun/Y_Off_Trips/Y_Off_Trips
1364	Y Off Trips Nasty	Class_Shotgun	SetType_Trips	football/Gameplay/playbooks/PlayLibrary/Formations/Offense/Shotgun/Shotgun	football/Gameplay/playbooks/PlayLibrary/Formations/Offense/Shotgun/Y_Off_Trips_Nasty/Y_Off_Trips_Nasty
607	Y Off Trips Close	Class_Shotgun	SetType_Trips	football/Gameplay/playbooks/PlayLibrary/Formations/Offense/Shotgun/Shotgun	football/Gameplay/playbooks/PlayLibrary/Formations/Offense/Shotgun/Y_Off_Trips_Pats/Y_Off_Trips_Close
1073	Y Off Trips Wk	Class_Shotgun	SetType_Trips	football/Gameplay/playbooks/PlayLibrary/Formations/Offense/Shotgun/Shotgun	football/Gameplay/playbooks/PlayLibrary/Formations/Offense/Shotgun/Y_Off_Trips_Wk/Y_Off_Trips_Wk
1150	Y Trio Offset Wk	Class_Shotgun	SetType_Trips	football/Gameplay/playbooks/PlayLibrary/Formations/Offense/Shotgun/Shotgun	football/Gameplay/playbooks/PlayLibrary/Formations/Offense/Shotgun/Y_Trio_Offset_Wk/Y_Trio_Offset_Wk
89	Y Trips	Class_Shotgun	SetType_Trips	football/Gameplay/playbooks/PlayLibrary/Formations/Offense/Shotgun/Shotgun	football/Gameplay/playbooks/PlayLibrary/Formations/Offense/Shotgun/Y_Trips/Y_Trips
173	Y Trips 1 Slot	Class_Shotgun	SetType_Trips	football/Gameplay/playbooks/PlayLibrary/Formations/Offense/Shotgun/Shotgun	football/Gameplay/playbooks/PlayLibrary/Formations/Offense/Shotgun/Y_Trips_1_Slot/Y_Trips_1_Slot
870	Y Trips Offset	Class_Shotgun	SetType_Trips	football/Gameplay/playbooks/PlayLibrary/Formations/Offense/Shotgun/Shotgun	football/Gameplay/playbooks/PlayLibrary/Formations/Offense/Shotgun/Y_Trips_Offset/Y_Trips_Offset
1047	Y Trips Offset Wk	Class_Shotgun	SetType_Trips	football/Gameplay/playbooks/PlayLibrary/Formations/Offense/Shotgun/Shotgun	football/Gameplay/playbooks/PlayLibrary/Formations/Offense/Shotgun/Y_Trips_Offset_Wk/Y_Trips_Offset_Wk
212	Y Trips Wk	Class_Shotgun	SetType_Trips	football/Gameplay/playbooks/PlayLibrary/Formations/Offense/Shotgun/Shotgun	football/Gameplay/playbooks/PlayLibrary/Formations/Offense/Shotgun/Y_Trips_Wk/Y_Trips_Wk
30	Ace	Class_Under_Center	SetType_Normal	football/Gameplay/playbooks/PlayLibrary/Formations/Offense/Singleback/Singleback	football/Gameplay/playbooks/PlayLibrary/Formations/Offense/Singleback/Ace/Ace
485	Ace Close	Class_Under_Center	SetType_Normal	football/Gameplay/playbooks/PlayLibrary/Formations/Offense/Singleback/Singleback	football/Gameplay/playbooks/PlayLibrary/Formations/Offense/Singleback/Ace_Close/Ace_Close
340	Ace Double Wing	Class_Under_Center	SetType_Jumbo	football/Gameplay/playbooks/PlayLibrary/Formations/Offense/Singleback/Singleback	football/Gameplay/playbooks/PlayLibrary/Formations/Offense/Singleback/Ace_Double_Wing/Ace_Double_Wing
1085	Ace Overload	Class_Under_Center	SetType_Overload	football/Gameplay/playbooks/PlayLibrary/Formations/Offense/Singleback/Singleback	football/Gameplay/playbooks/PlayLibrary/Formations/Offense/Singleback/Ace_Overload/Ace_Overload
90	Ace Slot	Class_Under_Center	SetType_Normal	football/Gameplay/playbooks/PlayLibrary/Formations/Offense/Singleback/Singleback	football/Gameplay/playbooks/PlayLibrary/Formations/Offense/Singleback/Ace_Slot/Ace_Slot
140	Bunch	Class_Under_Center	SetType_Bunch	football/Gameplay/playbooks/PlayLibrary/Formations/Offense/Singleback/Singleback	football/Gameplay/playbooks/PlayLibrary/Formations/Offense/Singleback/Bunch/Bunch
825	Bunch Ace	Class_Under_Center	SetType_Bunch	football/Gameplay/playbooks/PlayLibrary/Formations/Offense/Singleback/Singleback	football/Gameplay/playbooks/PlayLibrary/Formations/Offense/Singleback/Bunch_Ace/Bunch_Ace
595	Bunch Base	Class_Under_Center	SetType_Bunch	football/Gameplay/playbooks/PlayLibrary/Formations/Offense/Singleback/Singleback	football/Gameplay/playbooks/PlayLibrary/Formations/Offense/Singleback/Bunch_Base/Bunch_Base
1176	Bunch TE	Class_Under_Center	SetType_Bunch	football/Gameplay/playbooks/PlayLibrary/Formations/Offense/Singleback/Singleback	football/Gameplay/playbooks/PlayLibrary/Formations/Offense/Singleback/Bunch_TE/Bunch_TE
1210	Bunch X Nasty	Class_Under_Center	SetType_Bunch	football/Gameplay/playbooks/PlayLibrary/Formations/Offense/Singleback/Singleback	football/Gameplay/playbooks/PlayLibrary/Formations/Offense/Singleback/Bunch_X_Nasty/Bunch_X_Nasty
256	Deuce	Class_Under_Center	SetType_Normal	football/Gameplay/playbooks/PlayLibrary/Formations/Offense/Singleback/Singleback	football/Gameplay/playbooks/PlayLibrary/Formations/Offense/Singleback/Deuce/Deuce
1121	Deuce Close	Class_Under_Center	SetType_Normal	football/Gameplay/playbooks/PlayLibrary/Formations/Offense/Singleback/Singleback	football/Gameplay/playbooks/PlayLibrary/Formations/Offense/Singleback/Deuce_Close/Deuce_Close
2895957379	Deuce Close Tilt	Class_Under_Center	SetType_Normal	football/Gameplay/playbooks/PlayLibrary/Formations/Offense/Singleback/Singleback	football/Gameplay/playbooks/PlayLibrary/Formations/Offense/Singleback/Deuce_Close_Tilt/Deuce_Close_Tilt
189	Doubles	Class_Under_Center	SetType_ThreeWR	football/Gameplay/playbooks/PlayLibrary/Formations/Offense/Singleback/Singleback	football/Gameplay/playbooks/PlayLibrary/Formations/Offense/Singleback/Doubles/Doubles
10	Doubles Flex	Class_Under_Center	SetType_ThreeWR	football/Gameplay/playbooks/PlayLibrary/Formations/Offense/Singleback/Singleback	football/Gameplay/playbooks/PlayLibrary/Formations/Offense/Singleback/Doubles_Flex/Doubles_Flex
225	Doubles North	Class_Under_Center	SetType_ThreeWR	football/Gameplay/playbooks/PlayLibrary/Formations/Offense/Singleback/Singleback	football/Gameplay/playbooks/PlayLibrary/Formations/Offense/Singleback/Doubles_North/Doubles_North
669	Doubles South	Class_Under_Center	SetType_ThreeWR	football/Gameplay/playbooks/PlayLibrary/Formations/Offense/Singleback/Singleback	football/Gameplay/playbooks/PlayLibrary/Formations/Offense/Singleback/Doubles_South/Doubles_South
251	Doubles Y Off	Class_Under_Center	SetType_ThreeWR	football/Gameplay/playbooks/PlayLibrary/Formations/Offense/Singleback/Singleback	football/Gameplay/playbooks/PlayLibrary/Formations/Offense/Singleback/Doubles_Y_Off/Doubles_Y_Off
1172	Doubles Y Off Close	Class_Under_Center	SetType_ThreeWR	football/Gameplay/playbooks/PlayLibrary/Formations/Offense/Singleback/Singleback	football/Gameplay/playbooks/PlayLibrary/Formations/Offense/Singleback/Doubles_Y_Off_Close/Doubles_Y_Off_Close
3364076774	Doubles Y Off Flex	Class_Under_Center	SetType_ThreeWR	football/Gameplay/playbooks/PlayLibrary/Formations/Offense/Singleback/Singleback	football/Gameplay/playbooks/PlayLibrary/Formations/Offense/Singleback/Doubles_Y_Off_Flex/Doubles_Y_Off_Flex
738	Doubles Y Open	Class_Under_Center	SetType_ThreeWR	football/Gameplay/playbooks/PlayLibrary/Formations/Offense/Singleback/Singleback	football/Gameplay/playbooks/PlayLibrary/Formations/Offense/Singleback/Doubles_Y_Open/Doubles_Y_Open
1431	Doubles Y-Slot Close	Class_Under_Center	SetType_ThreeWR	football/Gameplay/playbooks/PlayLibrary/Formations/Offense/Singleback/Singleback	football/Gameplay/playbooks/PlayLibrary/Formations/Offense/Singleback/Doubles_Y-Slot_Close/Doubles_Y-Slot_Close
217	East	Class_Under_Center	SetType_Normal	football/Gameplay/playbooks/PlayLibrary/Formations/Offense/Singleback/Singleback	football/Gameplay/playbooks/PlayLibrary/Formations/Offense/Singleback/East/East
264	East Tight	Class_Under_Center	SetType_Jumbo	football/Gameplay/playbooks/PlayLibrary/Formations/Offense/Singleback/Singleback	football/Gameplay/playbooks/PlayLibrary/Formations/Offense/Singleback/East_Tight/East_Tight
571	F Wing Slot	Class_Under_Center	SetType_Normal	football/Gameplay/playbooks/PlayLibrary/Formations/Offense/Singleback/Singleback	football/Gameplay/playbooks/PlayLibrary/Formations/Offense/Singleback/F_Wing_Slot/F_Wing_Slot
150	Spread	Class_Under_Center	SetType_ThreeWR	football/Gameplay/playbooks/PlayLibrary/Formations/Offense/Singleback/Singleback	football/Gameplay/playbooks/PlayLibrary/Formations/Offense/Singleback/Spread/Spread
1320	Tight Doubles	Class_Under_Center	SetType_ThreeWR	football/Gameplay/playbooks/PlayLibrary/Formations/Offense/Singleback/Singleback	football/Gameplay/playbooks/PlayLibrary/Formations/Offense/Singleback/Tight_Doubles/Tight_Doubles
232	Tight Flex	Class_Under_Center	SetType_ThreeWR	football/Gameplay/playbooks/PlayLibrary/Formations/Offense/Singleback/Singleback	football/Gameplay/playbooks/PlayLibrary/Formations/Offense/Singleback/Tight_Flex/Tight_Flex
1171	Tight Y Off	Class_Under_Center	SetType_ThreeWR	football/Gameplay/playbooks/PlayLibrary/Formations/Offense/Singleback/Singleback	football/Gameplay/playbooks/PlayLibrary/Formations/Offense/Singleback/Tight_Y_Off/Tight_Y_Off
1319	Tight Y Off Flex	Class_Under_Center	SetType_ThreeWR	football/Gameplay/playbooks/PlayLibrary/Formations/Offense/Singleback/Singleback	football/Gameplay/playbooks/PlayLibrary/Formations/Offense/Singleback/Tight_Y_Off_Flex/Tight_Y_Off_Flex
1323826159	Toad X Nasty	Class_Under_Center	SetType_Bunch	football/Gameplay/playbooks/PlayLibrary/Formations/Offense/Singleback/Singleback	football/Gameplay/playbooks/PlayLibrary/Formations/Offense/Singleback/Toad_X-Nasty/Toad_X-Nasty
492	Trey	Class_Under_Center	SetType_Trips	football/Gameplay/playbooks/PlayLibrary/Formations/Offense/Singleback/Singleback	football/Gameplay/playbooks/PlayLibrary/Formations/Offense/Singleback/Trey/Trey
29	Trio	Class_Under_Center	SetType_Trips	football/Gameplay/playbooks/PlayLibrary/Formations/Offense/Singleback/Singleback	football/Gameplay/playbooks/PlayLibrary/Formations/Offense/Singleback/Trio/Trio
310	Trips	Class_Under_Center	SetType_Trips	football/Gameplay/playbooks/PlayLibrary/Formations/Offense/Singleback/Singleback	football/Gameplay/playbooks/PlayLibrary/Formations/Offense/Singleback/Trips/Trips
3597505609	Trips Close	Class_Under_Center	SetType_Trips	football/Gameplay/playbooks/PlayLibrary/Formations/Offense/Singleback/Singleback	football/Gameplay/playbooks/PlayLibrary/Formations/Offense/Singleback/Trips_Close/Trips_Close
49	Trips Open	Class_Under_Center	SetType_Trips	football/Gameplay/playbooks/PlayLibrary/Formations/Offense/Singleback/Singleback	football/Gameplay/playbooks/PlayLibrary/Formations/Offense/Singleback/Trips_Open/Trips_Open
169	U Off	Class_Under_Center	SetType_Normal	football/Gameplay/playbooks/PlayLibrary/Formations/Offense/Singleback/Singleback	football/Gameplay/playbooks/PlayLibrary/Formations/Offense/Singleback/U_OFf/U_OFf
1414	U Off Close	Class_Under_Center	SetType_Normal	football/Gameplay/playbooks/PlayLibrary/Formations/Offense/Singleback/Singleback	football/Gameplay/playbooks/PlayLibrary/Formations/Offense/Singleback/U_Off_Close/U_Off_Close
1350	U Off Stack	Class_Under_Center	SetType_Normal	football/Gameplay/playbooks/PlayLibrary/Formations/Offense/Singleback/Singleback	football/Gameplay/playbooks/PlayLibrary/Formations/Offense/Singleback/U_Off_Stack/U_Off_Stack
335	U Off Trio	Class_Under_Center	SetType_Normal	football/Gameplay/playbooks/PlayLibrary/Formations/Offense/Singleback/Singleback	football/Gameplay/playbooks/PlayLibrary/Formations/Offense/Singleback/U_Off_Trio/U_Off_Trio
51	U Off Trips	Class_Under_Center	SetType_Normal	football/Gameplay/playbooks/PlayLibrary/Formations/Offense/Singleback/Singleback	football/Gameplay/playbooks/PlayLibrary/Formations/Offense/Singleback/U_Off_Trips/U_Off_Trips
1541780502	U Off Trips Cluster	Class_Under_Center	SetType_Normal	football/Gameplay/playbooks/PlayLibrary/Formations/Offense/Singleback/Singleback	football/Gameplay/playbooks/PlayLibrary/Formations/Offense/Singleback/U_Off_Trips_Cluster/U_Off_Trips_Cluster
50	Wing	Class_Under_Center	SetType_Normal	football/Gameplay/playbooks/PlayLibrary/Formations/Offense/Singleback/Singleback	football/Gameplay/playbooks/PlayLibrary/Formations/Offense/Singleback/Wing/Wing
1393	Wing Close	Class_Under_Center	SetType_Normal	football/Gameplay/playbooks/PlayLibrary/Formations/Offense/Singleback/Singleback	football/Gameplay/playbooks/PlayLibrary/Formations/Offense/Singleback/Wing_Close/Wing_Close
568	Wing Flex	Class_Under_Center	SetType_Normal	football/Gameplay/playbooks/PlayLibrary/Formations/Offense/Singleback/Singleback	football/Gameplay/playbooks/PlayLibrary/Formations/Offense/Singleback/Wing_Flex/Wing_Flex
1182	Wing Flex Close	Class_Under_Center	SetType_Normal	football/Gameplay/playbooks/PlayLibrary/Formations/Offense/Singleback/Singleback	football/Gameplay/playbooks/PlayLibrary/Formations/Offense/Singleback/Wing_Flex_Close/Wing_Flex_Close
323	Wing Pair	Class_Under_Center	SetType_Jumbo	football/Gameplay/playbooks/PlayLibrary/Formations/Offense/Singleback/Singleback	football/Gameplay/playbooks/PlayLibrary/Formations/Offense/Singleback/Wing_Pair/Wing_Pair
3063160606	Wing Pair Heavy	Class_Under_Center	SetType_Overload	football/Gameplay/playbooks/PlayLibrary/Formations/Offense/Singleback/Singleback	football/Gameplay/playbooks/PlayLibrary/Formations/Offense/Singleback/Wing_Pair_Heavy/Wing_Pair_Heavy
68	Wing Slot	Class_Under_Center	SetType_Normal	football/Gameplay/playbooks/PlayLibrary/Formations/Offense/Singleback/Singleback	football/Gameplay/playbooks/PlayLibrary/Formations/Offense/Singleback/Wing_Slot/Wing_Slot
1814656713	Wing Slot Over	Class_Under_Center	SetType_Normal	football/Gameplay/playbooks/PlayLibrary/Formations/Offense/Singleback/Singleback	football/Gameplay/playbooks/PlayLibrary/Formations/Offense/Singleback/Wing_Slot_Over/Wing_Slot_Over
734	Wing Stack	Class_Under_Center	SetType_Normal	football/Gameplay/playbooks/PlayLibrary/Formations/Offense/Singleback/Singleback	football/Gameplay/playbooks/PlayLibrary/Formations/Offense/Singleback/Wing_Stack/Wing_Stack
182	Wing Tight	Class_Under_Center	SetType_Jumbo	football/Gameplay/playbooks/PlayLibrary/Formations/Offense/Singleback/Singleback	football/Gameplay/playbooks/PlayLibrary/Formations/Offense/Singleback/Wing_Tight/Wing_Tight
1398	Wing Tight Left	Class_Under_Center	SetType_Jumbo	football/Gameplay/playbooks/PlayLibrary/Formations/Offense/Singleback/Singleback	football/Gameplay/playbooks/PlayLibrary/Formations/Offense/Singleback/Wing_Tight_Left/Wing_Tight_Left
1383	Wing Tight Nasty	Class_Under_Center	SetType_Jumbo	football/Gameplay/playbooks/PlayLibrary/Formations/Offense/Singleback/Singleback	football/Gameplay/playbooks/PlayLibrary/Formations/Offense/Singleback/Wing_Tight_Nasty/Wing_Tight_Nasty
1181	Wing Tight U	Class_Under_Center	SetType_Jumbo	football/Gameplay/playbooks/PlayLibrary/Formations/Offense/Singleback/Singleback	football/Gameplay/playbooks/PlayLibrary/Formations/Offense/Singleback/Wing_Tight_U/Wing_Tight_U
672	Wing Tight Z	Class_Under_Center	SetType_Jumbo	football/Gameplay/playbooks/PlayLibrary/Formations/Offense/Singleback/Singleback	football/Gameplay/playbooks/PlayLibrary/Formations/Offense/Singleback/Wing_Tight_Z/Wing_Tight_Z
564	Y Off Trio	Class_Under_Center	SetType_Trips	football/Gameplay/playbooks/PlayLibrary/Formations/Offense/Singleback/Singleback	football/Gameplay/playbooks/PlayLibrary/Formations/Offense/Singleback/Y_Off_Trio/Y_Off_Trio
671030173	Y Off Trio Close	Class_Under_Center	SetType_Trips	football/Gameplay/playbooks/PlayLibrary/Formations/Offense/Singleback/Singleback	football/Gameplay/playbooks/PlayLibrary/Formations/Offense/Singleback/Y_Off_Trio_Close/Y_Off_Trio_Close
252	Y Off Trips	Class_Under_Center	SetType_Trips	football/Gameplay/playbooks/PlayLibrary/Formations/Offense/Singleback/Singleback	football/Gameplay/playbooks/PlayLibrary/Formations/Offense/Singleback/Y_Off_Trips/Y_Off_Trips
1018	Y Off Trips Left	Class_Under_Center	SetType_Trips	football/Gameplay/playbooks/PlayLibrary/Formations/Offense/Singleback/Singleback	football/Gameplay/playbooks/PlayLibrary/Formations/Offense/Singleback/Y_Off_Trips_Left/Y_Off_Trips_Left
55	Y Trips	Class_Under_Center	SetType_Trips	football/Gameplay/playbooks/PlayLibrary/Formations/Offense/Singleback/Singleback	football/Gameplay/playbooks/PlayLibrary/Formations/Offense/Singleback/Y_Trips/Y_Trips
400823833	Y Trips Close	Class_Under_Center	SetType_Trips	football/Gameplay/playbooks/PlayLibrary/Formations/Offense/Singleback/Singleback	football/Gameplay/playbooks/PlayLibrary/Formations/Offense/Singleback/Y_Trips_Close/Y_Trips_Close
3210192513	Y Trips Close Wing	Class_Under_Center	SetType_Trips	football/Gameplay/playbooks/PlayLibrary/Formations/Offense/Singleback/Singleback	football/Gameplay/playbooks/PlayLibrary/Formations/Offense/Singleback/Y_Trips_Close_WIng/Y_Trips_Close_WIng
824	Y Trips TE Slot	Class_Under_Center	SetType_Normal	football/Gameplay/playbooks/PlayLibrary/Formations/Offense/Singleback/Singleback	football/Gameplay/playbooks/PlayLibrary/Formations/Offense/Singleback/Y_Trips_TE_Slot/Y_Trips_TE_Slot
1310	3 on 3 Base	Class_Pistol	SetType_None	football/Gameplay/playbooks/PlayLibrary/Formations/Offense/Small_Sided/Small_Sided	football/Gameplay/playbooks/PlayLibrary/Formations/Offense/Small_Sided/3_on_3_Base/3_on_3_Base
1321	3 on 3 Pro	Class_Pistol	SetType_None	football/Gameplay/playbooks/PlayLibrary/Formations/Offense/Small_Sided/Small_Sided	football/Gameplay/playbooks/PlayLibrary/Formations/Offense/Small_Sided/3_on_3_Pro/3_on_3_Pro
1322	3 on 3 Slot	Class_Pistol	SetType_None	football/Gameplay/playbooks/PlayLibrary/Formations/Offense/Small_Sided/Small_Sided	football/Gameplay/playbooks/PlayLibrary/Formations/Offense/Small_Sided/3_on_3_Slot/3_on_3_Slot
1324	3 on 3 Stack	Class_Pistol	SetType_None	football/Gameplay/playbooks/PlayLibrary/Formations/Offense/Small_Sided/Small_Sided	football/Gameplay/playbooks/PlayLibrary/Formations/Offense/Small_Sided/3_on_3_Stack/3_on_3_Stack
1325	3 on 3 WR Left	Class_Shotgun	SetType_None	football/Gameplay/playbooks/PlayLibrary/Formations/Offense/Small_Sided/Small_Sided	football/Gameplay/playbooks/PlayLibrary/Formations/Offense/Small_Sided/3_on_3_WR_Left/3_on_3_WR_Left
1327	3 on 3 WR Tight	Class_Shotgun	SetType_None	football/Gameplay/playbooks/PlayLibrary/Formations/Offense/Small_Sided/Small_Sided	football/Gameplay/playbooks/PlayLibrary/Formations/Offense/Small_Sided/3_on_3_WR_Tight/3_on_3_WR_Tight
1255	6 on 6 Empty	Class_Shotgun	SetType_None	football/Gameplay/playbooks/PlayLibrary/Formations/Offense/Small_Sided/Small_Sided	football/Gameplay/playbooks/PlayLibrary/Formations/Offense/Small_Sided/6_on_6_Empty/6_on_6_Empty
1253	6 on 6 Empty Bunch	Class_Shotgun	SetType_None	football/Gameplay/playbooks/PlayLibrary/Formations/Offense/Small_Sided/Small_Sided	football/Gameplay/playbooks/PlayLibrary/Formations/Offense/Small_Sided/6_on_6_Empty_Bunch/6_on_6_Empty_Bunch
1252	6 on 6 Empty Trips	Class_Shotgun	SetType_None	football/Gameplay/playbooks/PlayLibrary/Formations/Offense/Small_Sided/Small_Sided	football/Gameplay/playbooks/PlayLibrary/Formations/Offense/Small_Sided/6_on_6_Empty_Trips/6_on_6_Empty_Trips
1240	6 on 6 Slot	Class_Shotgun	SetType_None	football/Gameplay/playbooks/PlayLibrary/Formations/Offense/Small_Sided/Small_Sided	football/Gameplay/playbooks/PlayLibrary/Formations/Offense/Small_Sided/6_on_6_Slot/6_on_6_Slot
1250	6 on 6 Split	Class_Shotgun	SetType_None	football/Gameplay/playbooks/PlayLibrary/Formations/Offense/Small_Sided/Small_Sided	football/Gameplay/playbooks/PlayLibrary/Formations/Offense/Small_Sided/6_on_6_Split/6_on_6_Split
1262	6 on 6 Split Backs	Class_Shotgun	SetType_None	football/Gameplay/playbooks/PlayLibrary/Formations/Offense/Small_Sided/Small_Sided	football/Gameplay/playbooks/PlayLibrary/Formations/Offense/Small_Sided/6_on_6_Split_Backs/6_on_6_Split_Backs
38	Field Goal	Class_FieldGoal	SetType_None	football/Gameplay/playbooks/PlayLibrary/Formations/Offense/Special/Special	football/Gameplay/playbooks/PlayLibrary/Formations/Offense/Special/Field_Goal/Field_Goal
12	Punt	Class_Punt	SetType_None	football/Gameplay/playbooks/PlayLibrary/Formations/Offense/Special/Special	football/Gameplay/playbooks/PlayLibrary/Formations/Offense/Special/Punt/Punt
1099	Punt Tight	Class_PuntProtect	SetType_None	football/Gameplay/playbooks/PlayLibrary/Formations/Offense/Special/Special	football/Gameplay/playbooks/PlayLibrary/Formations/Offense/Special/Punt_Tight/Punt_Tight
69	QB Kneel	Class_Kneel	SetType_None	football/Gameplay/playbooks/PlayLibrary/Formations/Offense/Special/Special	football/Gameplay/playbooks/PlayLibrary/Formations/Offense/Special/QB_Kneel/QB_Kneel
66	Stop Clock	Class_StopClock	SetType_None	football/Gameplay/playbooks/PlayLibrary/Formations/Offense/Special/Special	football/Gameplay/playbooks/PlayLibrary/Formations/Offense/Special/Stop_Clock/Stop_Clock
18	3WR	Class_Under_Center	SetType_ThreeWR	football/Gameplay/playbooks/PlayLibrary/Formations/Offense/Split_Backs/Split_Backs	football/Gameplay/playbooks/PlayLibrary/Formations/Offense/Split_Backs/3WR/3WR
3369287107	Offset Wing Close	Class_Under_Center	SetType_Normal	football/Gameplay/playbooks/PlayLibrary/Formations/Offense/Split_Backs/Split_Backs	football/Gameplay/playbooks/PlayLibrary/Formations/Offense/Split_Backs/Offset_Wing_Close/Offset_Wing_Close
223	Pro	Class_Under_Center	SetType_Normal	football/Gameplay/playbooks/PlayLibrary/Formations/Offense/Split_Backs/Split_Backs	football/Gameplay/playbooks/PlayLibrary/Formations/Offense/Split_Backs/Pro/Pro
596	Pro Slot	Class_Under_Center	SetType_ThreeWR	football/Gameplay/playbooks/PlayLibrary/Formations/Offense/Split_Backs/Split_Backs	football/Gameplay/playbooks/PlayLibrary/Formations/Offense/Split_Backs/Pro_Slot/Pro_Slot
47	Slot	Class_Under_Center	SetType_Normal	football/Gameplay/playbooks/PlayLibrary/Formations/Offense/Split_Backs/Split_Backs	football/Gameplay/playbooks/PlayLibrary/Formations/Offense/Split_Backs/Slot/Slot
1963	Tight	Class_Under_Center	SetType_Jumbo	football/Gameplay/playbooks/PlayLibrary/Formations/Offense/Split_T/Split_T	football/Gameplay/playbooks/PlayLibrary/Formations/Offense/Split_T/Tight/Tight
2206958401	Pro	Class_Under_Center	SetType_Normal	football/Gameplay/playbooks/PlayLibrary/Formations/Offense/ST_Deep_Pass_Concepts_Flood/ST_Deep_Pass_Concepts_Flood	football/Gameplay/playbooks/PlayLibrary/Formations/Offense/ST_Deep_Pass_Concepts_Flood/Pro_I
17552550	Trey 4WR	Class_Shotgun	SetType_Trips	football/Gameplay/playbooks/PlayLibrary/Formations/Offense/ST_Deep_Pass_Concepts_Flood/ST_Deep_Pass_Concepts_Flood	football/Gameplay/playbooks/PlayLibrary/Formations/Offense/ST_Deep_Pass_Concepts_Flood/Trey_4WR
3543036867	Y Off Trips	Class_Pistol	SetType_ThreeWR	football/Gameplay/playbooks/PlayLibrary/Formations/Offense/ST_Deep_Pass_Concepts_Flood/ST_Deep_Pass_Concepts_Flood	football/Gameplay/playbooks/PlayLibrary/Formations/Offense/ST_Deep_Pass_Concepts_Flood/Y_Off_Trips
867808821	Ace Slot	Class_Pistol	SetType_Normal	football/Gameplay/playbooks/PlayLibrary/Formations/Offense/ST_Deep_Pass_Concepts_Mills/ST_Deep_Pass_Concepts_Mills	football/Gameplay/playbooks/PlayLibrary/Formations/Offense/ST_Deep_Pass_Concepts_Mills/Ace_Slot
1344587276	Empty Cowboy	Class_Shotgun	SetType_Empty	football/Gameplay/playbooks/PlayLibrary/Formations/Offense/ST_Deep_Pass_Concepts_Mills/ST_Deep_Pass_Concepts_Mills	football/Gameplay/playbooks/PlayLibrary/Formations/Offense/ST_Deep_Pass_Concepts_Mills/Empty_Cowboy
3663302133	Slot	Class_Under_Center	SetType_Normal	football/Gameplay/playbooks/PlayLibrary/Formations/Offense/ST_Deep_Pass_Concepts_Mills/ST_Deep_Pass_Concepts_Mills	football/Gameplay/playbooks/PlayLibrary/Formations/Offense/ST_Deep_Pass_Concepts_Mills/Slot_
1249199519	Slot	Class_Under_Center	SetType_Normal	football/Gameplay/playbooks/PlayLibrary/Formations/Offense/ST_Deep_Pass_Concepts_PA_PowerO/ST_Deep_Pass_Concepts_PA_PowerO	football/Gameplay/playbooks/PlayLibrary/Formations/Offense/ST_Deep_Pass_Concepts_PA_PowerO/Slot
1944691626	Wing	Class_Under_Center	SetType_Big	football/Gameplay/playbooks/PlayLibrary/Formations/Offense/ST_Deep_Pass_Concepts_PA_PowerO/ST_Deep_Pass_Concepts_PA_PowerO	football/Gameplay/playbooks/PlayLibrary/Formations/Offense/ST_Deep_Pass_Concepts_PA_PowerO/Wing_I
588638934	Ace	Class_Under_Center	SetType_Normal	football/Gameplay/playbooks/PlayLibrary/Formations/Offense/ST_Deep_Pass_Concepts_Shot/ST_Deep_Pass_Concepts_Shot	football/Gameplay/playbooks/PlayLibrary/Formations/Offense/ST_Deep_Pass_Concepts_Shot/Ace_1
2130156436	Doubles	Class_Under_Center	SetType_ThreeWR	football/Gameplay/playbooks/PlayLibrary/Formations/Offense/ST_Deep_Pass_Concepts_Shot/ST_Deep_Pass_Concepts_Shot	football/Gameplay/playbooks/PlayLibrary/Formations/Offense/ST_Deep_Pass_Concepts_Shot/Doubles_1
873109665	Pro	Class_Under_Center	SetType_Normal	football/Gameplay/playbooks/PlayLibrary/Formations/Offense/ST_Deep_Pass_Concepts_Shot/ST_Deep_Pass_Concepts_Shot	football/Gameplay/playbooks/PlayLibrary/Formations/Offense/ST_Deep_Pass_Concepts_Shot/Pro_
4053374221	Empty Cowboy	Class_Shotgun	SetType_Empty	football/Gameplay/playbooks/PlayLibrary/Formations/Offense/ST_Deep_Pass_Concepts_Switch/ST_Deep_Pass_Concepts_Switch	football/Gameplay/playbooks/PlayLibrary/Formations/Offense/ST_Deep_Pass_Concepts_Switch/Empty_Cowboy
819125361	Slot	Class_Under_Center	SetType_Normal	football/Gameplay/playbooks/PlayLibrary/Formations/Offense/ST_Deep_Pass_Concepts_Switch/ST_Deep_Pass_Concepts_Switch	football/Gameplay/playbooks/PlayLibrary/Formations/Offense/ST_Deep_Pass_Concepts_Switch/Slot
3056149173	Spread	Class_Shotgun	SetType_FourWR	football/Gameplay/playbooks/PlayLibrary/Formations/Offense/ST_Deep_Pass_Concepts_Switch/ST_Deep_Pass_Concepts_Switch	football/Gameplay/playbooks/PlayLibrary/Formations/Offense/ST_Deep_Pass_Concepts_Switch/Spread
1593866817	Y Trips	Class_Under_Center	SetType_Trips	football/Gameplay/playbooks/PlayLibrary/Formations/Offense/ST_Deep_Pass_Concepts_Switch/ST_Deep_Pass_Concepts_Switch	football/Gameplay/playbooks/PlayLibrary/Formations/Offense/ST_Deep_Pass_Concepts_Switch/Y_Trips
3188385492	Bunch	Class_Under_Center	SetType_Bunch	football/Gameplay/playbooks/PlayLibrary/Formations/Offense/ST_Deep_Pass_Concepts_Verticals/ST_Deep_Pass_Concepts_Verticals	football/Gameplay/playbooks/PlayLibrary/Formations/Offense/ST_Deep_Pass_Concepts_Verticals/Bunch_
492646668	Spread	Class_Shotgun	SetType_FourWR	football/Gameplay/playbooks/PlayLibrary/Formations/Offense/ST_Deep_Pass_Concepts_Verticals/ST_Deep_Pass_Concepts_Verticals	football/Gameplay/playbooks/PlayLibrary/Formations/Offense/ST_Deep_Pass_Concepts_Verticals/Spread
2411937775	Trips	Class_Shotgun	SetType_Trips	football/Gameplay/playbooks/PlayLibrary/Formations/Offense/ST_Deep_Pass_Concepts_Verticals/ST_Deep_Pass_Concepts_Verticals	football/Gameplay/playbooks/PlayLibrary/Formations/Offense/ST_Deep_Pass_Concepts_Verticals/Trips_
3595143722	Spread	Class_Under_Center	SetType_ThreeWR	football/Gameplay/playbooks/PlayLibrary/Formations/Offense/ST_Medium_Pass_Concepts_CurlFlat/ST_Medium_Pass_Concepts_CurlFlat	football/Gameplay/playbooks/PlayLibrary/Formations/Offense/ST_Medium_Pass_Concepts_CurlFlat/Spread_SB
2217114635	Wing	Class_Under_Center	SetType_Normal	football/Gameplay/playbooks/PlayLibrary/Formations/Offense/ST_Medium_Pass_Concepts_CurlFlat/ST_Medium_Pass_Concepts_CurlFlat	football/Gameplay/playbooks/PlayLibrary/Formations/Offense/ST_Medium_Pass_Concepts_CurlFlat/Wing_SB
76559459	Doubles	Class_Under_Center	SetType_ThreeWR	football/Gameplay/playbooks/PlayLibrary/Formations/Offense/ST_Medium_Pass_Concepts_Dagger/ST_Medium_Pass_Concepts_Dagger	football/Gameplay/playbooks/PlayLibrary/Formations/Offense/ST_Medium_Pass_Concepts_Dagger/Doubles_SB
1022850867	Slot	Class_Under_Center	SetType_Normal	football/Gameplay/playbooks/PlayLibrary/Formations/Offense/ST_Medium_Pass_Concepts_Dagger/ST_Medium_Pass_Concepts_Dagger	football/Gameplay/playbooks/PlayLibrary/Formations/Offense/ST_Medium_Pass_Concepts_Dagger/Slot_I
492760053	Spread Y-Flex Wk	Class_Shotgun	SetType_ThreeWR	football/Gameplay/playbooks/PlayLibrary/Formations/Offense/ST_Medium_Pass_Concepts_Dagger/ST_Medium_Pass_Concepts_Dagger	football/Gameplay/playbooks/PlayLibrary/Formations/Offense/ST_Medium_Pass_Concepts_Dagger/Spread_Y-Flex_Wk
2090487559	Bunch	Class_Under_Center	SetType_Bunch	football/Gameplay/playbooks/PlayLibrary/Formations/Offense/ST_Medium_Pass_Concepts_Drive/ST_Medium_Pass_Concepts_Drive	football/Gameplay/playbooks/PlayLibrary/Formations/Offense/ST_Medium_Pass_Concepts_Drive/Bunch_SB
1109681842	Doubles	Class_Shotgun	SetType_ThreeWR	football/Gameplay/playbooks/PlayLibrary/Formations/Offense/ST_Medium_Pass_Concepts_Drive/ST_Medium_Pass_Concepts_Drive	football/Gameplay/playbooks/PlayLibrary/Formations/Offense/ST_Medium_Pass_Concepts_Drive/Doubles_Gun
733485361	Pro Split	Class_Under_Center	SetType_Normal	football/Gameplay/playbooks/PlayLibrary/Formations/Offense/ST_Medium_Pass_Concepts_Drive/ST_Medium_Pass_Concepts_Drive	football/Gameplay/playbooks/PlayLibrary/Formations/Offense/ST_Medium_Pass_Concepts_Drive/Pro_Split
2866299326	Wing	Class_Under_Center	SetType_Normal	football/Gameplay/playbooks/PlayLibrary/Formations/Offense/ST_Medium_Pass_Concepts_Drive/ST_Medium_Pass_Concepts_Drive	football/Gameplay/playbooks/PlayLibrary/Formations/Offense/ST_Medium_Pass_Concepts_Drive/Wing_SB
3865004347	Pro	Class_Under_Center	SetType_Normal	football/Gameplay/playbooks/PlayLibrary/Formations/Offense/ST_Medium_Pass_Concepts_PA_Rollout/ST_Medium_Pass_Concepts_PA_Rollout	football/Gameplay/playbooks/PlayLibrary/Formations/Offense/ST_Medium_Pass_Concepts_PA_Rollout/Pro
3466925405	Doubles	Class_Under_Center	SetType_ThreeWR	football/Gameplay/playbooks/PlayLibrary/Formations/Offense/ST_Medium_Pass_Concepts_PA_Rollout/ST_Medium_Pass_Concepts_PA_Rollout	football/Gameplay/playbooks/PlayLibrary/Formations/Offense/ST_Medium_Pass_Concepts_PA_Rollout/SB_Doubles
3249016017	5WR	Class_Shotgun	SetType_Empty	football/Gameplay/playbooks/PlayLibrary/Formations/Offense/ST_Medium_Pass_Concepts_ShallowCross/ST_Medium_Pass_Concepts_ShallowCross	football/Gameplay/playbooks/PlayLibrary/Formations/Offense/ST_Medium_Pass_Concepts_ShallowCross/5WR
1245034863	Spread Flex	Class_Shotgun	SetType_ThreeWR	football/Gameplay/playbooks/PlayLibrary/Formations/Offense/ST_Medium_Pass_Concepts_ShallowCross/ST_Medium_Pass_Concepts_ShallowCross	football/Gameplay/playbooks/PlayLibrary/Formations/Offense/ST_Medium_Pass_Concepts_ShallowCross/Spread_Flex_1
1271063018	Spread Y-Flex Wk	Class_Shotgun	SetType_ThreeWR	football/Gameplay/playbooks/PlayLibrary/Formations/Offense/ST_Medium_Pass_Concepts_ShallowCross/ST_Medium_Pass_Concepts_ShallowCross	football/Gameplay/playbooks/PlayLibrary/Formations/Offense/ST_Medium_Pass_Concepts_ShallowCross/Spread_Y-Flex_Wk
3814718088	Flex Close	Class_Under_Center	SetType_None	football/Gameplay/playbooks/PlayLibrary/Formations/Offense/ST_Medium_Pass_Concepts_Smash/ST_Medium_Pass_Concepts_Smash	football/Gameplay/playbooks/PlayLibrary/Formations/Offense/ST_Medium_Pass_Concepts_Smash/Flex_Close/Flex_Close
80388314	Spread	Class_Shotgun	SetType_None	football/Gameplay/playbooks/PlayLibrary/Formations/Offense/ST_Medium_Pass_Concepts_Smash/ST_Medium_Pass_Concepts_Smash	football/Gameplay/playbooks/PlayLibrary/Formations/Offense/ST_Medium_Pass_Concepts_Smash/Spread/Spread
2231708942	Tight Slots	Class_Under_Center	SetType_None	football/Gameplay/playbooks/PlayLibrary/Formations/Offense/ST_Medium_Pass_Concepts_Smash/ST_Medium_Pass_Concepts_Smash	football/Gameplay/playbooks/PlayLibrary/Formations/Offense/ST_Medium_Pass_Concepts_Smash/Tight_Slots/Tight_Slots
1635727374	Empty Trey	Class_Shotgun	SetType_None	football/Gameplay/playbooks/PlayLibrary/Formations/Offense/ST_Short_Pass_Concepts_Levels/ST_Short_Pass_Concepts_Levels	football/Gameplay/playbooks/PlayLibrary/Formations/Offense/ST_Short_Pass_Concepts_Levels/Empty_Trey/Empty_Trey
1108157690	Empty Trey Flex	Class_Shotgun	SetType_Empty	football/Gameplay/playbooks/PlayLibrary/Formations/Offense/ST_Short_Pass_Concepts_Levels/ST_Short_Pass_Concepts_Levels	football/Gameplay/playbooks/PlayLibrary/Formations/Offense/ST_Short_Pass_Concepts_Levels/Empty_Trey_Flex/Empty_Trey_Flex
461980628	Trey Open	Class_Pistol	SetType_None	football/Gameplay/playbooks/PlayLibrary/Formations/Offense/ST_Short_Pass_Concepts_Levels/ST_Short_Pass_Concepts_Levels	football/Gameplay/playbooks/PlayLibrary/Formations/Offense/ST_Short_Pass_Concepts_Levels/Trey_Open/Trey_Open
133235735	Trips	Class_Shotgun	SetType_Trips	football/Gameplay/playbooks/PlayLibrary/Formations/Offense/ST_Short_Pass_Concepts_Levels/ST_Short_Pass_Concepts_Levels	football/Gameplay/playbooks/PlayLibrary/Formations/Offense/ST_Short_Pass_Concepts_Levels/Trips/Trips
312440769	Y  Trips	Class_Under_Center	SetType_Trips	football/Gameplay/playbooks/PlayLibrary/Formations/Offense/ST_Short_Pass_Concepts_Levels/ST_Short_Pass_Concepts_Levels	football/Gameplay/playbooks/PlayLibrary/Formations/Offense/ST_Short_Pass_Concepts_Levels/Y_Trips/Y_Trips
3287904942	Y Trips Wk	Class_Shotgun	SetType_Trips	football/Gameplay/playbooks/PlayLibrary/Formations/Offense/ST_Short_Pass_Concepts_Levels/ST_Short_Pass_Concepts_Levels	football/Gameplay/playbooks/PlayLibrary/Formations/Offense/ST_Short_Pass_Concepts_Levels/Y_Trips_Wk/Y_Trips_Wk
620987332	5WR	Class_Shotgun	SetType_Empty	football/Gameplay/playbooks/PlayLibrary/Formations/Offense/ST_Short_Pass_Concepts_Slants/ST_Short_Pass_Concepts_Slants	football/Gameplay/playbooks/PlayLibrary/Formations/Offense/ST_Short_Pass_Concepts_Slants/5WR/5WR
3640081027	Ace	Class_Under_Center	SetType_Normal	football/Gameplay/playbooks/PlayLibrary/Formations/Offense/ST_Short_Pass_Concepts_Slants/ST_Short_Pass_Concepts_Slants	football/Gameplay/playbooks/PlayLibrary/Formations/Offense/ST_Short_Pass_Concepts_Slants/Ace/Ace
3868028404	Doubles	Class_Pistol	SetType_None	football/Gameplay/playbooks/PlayLibrary/Formations/Offense/ST_Short_Pass_Concepts_Slants/ST_Short_Pass_Concepts_Slants	football/Gameplay/playbooks/PlayLibrary/Formations/Offense/ST_Short_Pass_Concepts_Slants/Doubles/Doubles
1240893331	Doubles Flex	Class_Under_Center	SetType_None	football/Gameplay/playbooks/PlayLibrary/Formations/Offense/ST_Short_Pass_Concepts_Slants/ST_Short_Pass_Concepts_Slants	football/Gameplay/playbooks/PlayLibrary/Formations/Offense/ST_Short_Pass_Concepts_Slants/Doubles_Flex/Doubles_Flex
963298214	Doubles Y Open	Class_Under_Center	SetType_None	football/Gameplay/playbooks/PlayLibrary/Formations/Offense/ST_Short_Pass_Concepts_Slants/ST_Short_Pass_Concepts_Slants	football/Gameplay/playbooks/PlayLibrary/Formations/Offense/ST_Short_Pass_Concepts_Slants/Doubles_Y_Open/Doubles_Y_Open
1767036076	Pro	Class_Under_Center	SetType_Normal	football/Gameplay/playbooks/PlayLibrary/Formations/Offense/ST_Short_Pass_Concepts_Slants/ST_Short_Pass_Concepts_Slants	football/Gameplay/playbooks/PlayLibrary/Formations/Offense/ST_Short_Pass_Concepts_Slants/Pro/Pro
4026812024	Pro	Class_Under_Center	SetType_Normal	football/Gameplay/playbooks/PlayLibrary/Formations/Offense/ST_Short_Pass_Concepts_Slants/ST_Short_Pass_Concepts_Slants	football/Gameplay/playbooks/PlayLibrary/Formations/Offense/ST_Short_Pass_Concepts_Slants/Split_Pro/Pro
2729148659	Spread Y-Slot	Class_Shotgun	SetType_None	football/Gameplay/playbooks/PlayLibrary/Formations/Offense/ST_Short_Pass_Concepts_Slants/ST_Short_Pass_Concepts_Slants	football/Gameplay/playbooks/PlayLibrary/Formations/Offense/ST_Short_Pass_Concepts_Slants/Spread_Y-Slot/Spread_Y-Slot
1547899030	Bunch	Class_Under_Center	SetType_Bunch	football/Gameplay/playbooks/PlayLibrary/Formations/Offense/ST_Short_Pass_Concepts_Spacing/ST_Short_Pass_Concepts_Spacing	football/Gameplay/playbooks/PlayLibrary/Formations/Offense/ST_Short_Pass_Concepts_Spacing/Bunch
4075636521	Bunch	Class_Under_Center	SetType_Bunch	football/Gameplay/playbooks/PlayLibrary/Formations/Offense/ST_Short_Pass_Concepts_Spot/ST_Short_Pass_Concepts_Spot	football/Gameplay/playbooks/PlayLibrary/Formations/Offense/ST_Short_Pass_Concepts_Spot/Bunch/Bunch
2399189662	Doubles	Class_Pistol	SetType_None	football/Gameplay/playbooks/PlayLibrary/Formations/Offense/ST_Short_Pass_Concepts_Spot/ST_Short_Pass_Concepts_Spot	football/Gameplay/playbooks/PlayLibrary/Formations/Offense/ST_Short_Pass_Concepts_Spot/Doubles/Doubles
3482786502	Doubles Flex	Class_Under_Center	SetType_ThreeWR	football/Gameplay/playbooks/PlayLibrary/Formations/Offense/ST_Short_Pass_Concepts_Spot/ST_Short_Pass_Concepts_Spot	football/Gameplay/playbooks/PlayLibrary/Formations/Offense/ST_Short_Pass_Concepts_Spot/Doubles_Flex/Doubles_Flex
326440429	Empty Bunch	Class_Shotgun	SetType_Bunch	football/Gameplay/playbooks/PlayLibrary/Formations/Offense/ST_Short_Pass_Concepts_Spot/ST_Short_Pass_Concepts_Spot	football/Gameplay/playbooks/PlayLibrary/Formations/Offense/ST_Short_Pass_Concepts_Spot/Empty_Bunch/Empty_Bunch
2999222356	Bunch	Class_Shotgun	SetType_Bunch	football/Gameplay/playbooks/PlayLibrary/Formations/Offense/ST_Short_Pass_Concepts_Spot/ST_Short_Pass_Concepts_Spot	football/Gameplay/playbooks/PlayLibrary/Formations/Offense/ST_Short_Pass_Concepts_Spot/SG_Bunch/Bunch
1196321329	Tight	Class_Shotgun	SetType_None	football/Gameplay/playbooks/PlayLibrary/Formations/Offense/ST_Short_Pass_Concepts_Spot/ST_Short_Pass_Concepts_Spot	football/Gameplay/playbooks/PlayLibrary/Formations/Offense/ST_Short_Pass_Concepts_Spot/Tight/Tight
379947020	Ace Slot	Class_Shotgun	SetType_Normal	football/Gameplay/playbooks/PlayLibrary/Formations/Offense/ST_Short_Pass_Concepts_Stick/ST_Short_Pass_Concepts_Stick	football/Gameplay/playbooks/PlayLibrary/Formations/Offense/ST_Short_Pass_Concepts_Stick/Ace_Slot_Gun
1464690465	Slot	Class_Under_Center	SetType_Normal	football/Gameplay/playbooks/PlayLibrary/Formations/Offense/ST_Short_Pass_Concepts_Stick/ST_Short_Pass_Concepts_Stick	football/Gameplay/playbooks/PlayLibrary/Formations/Offense/ST_Short_Pass_Concepts_Stick/Slot_Split
2345366762	Wing	Class_Under_Center	SetType_Normal	football/Gameplay/playbooks/PlayLibrary/Formations/Offense/ST_Short_Pass_Concepts_Stick/ST_Short_Pass_Concepts_Stick	football/Gameplay/playbooks/PlayLibrary/Formations/Offense/ST_Short_Pass_Concepts_Stick/Wing_SB
3698866706	Wing Trips	Class_Shotgun	SetType_Trips	football/Gameplay/playbooks/PlayLibrary/Formations/Offense/ST_Short_Pass_Concepts_Stick/ST_Short_Pass_Concepts_Stick	football/Gameplay/playbooks/PlayLibrary/Formations/Offense/ST_Short_Pass_Concepts_Stick/Wing_Trips
2643799291	Y Trips	Class_Under_Center	SetType_Trips	football/Gameplay/playbooks/PlayLibrary/Formations/Offense/ST_Short_Pass_Concepts_Stick/ST_Short_Pass_Concepts_Stick	football/Gameplay/playbooks/PlayLibrary/Formations/Offense/ST_Short_Pass_Concepts_Stick/Y_Trips
406	Close	Class_Under_Center	SetType_Normal	football/Gameplay/playbooks/PlayLibrary/Formations/Offense/Strong_I/Strong_I	football/Gameplay/playbooks/PlayLibrary/Formations/Offense/Strong_I/Close/Close
1168	Close Flex	Class_Under_Center	SetType_Normal	football/Gameplay/playbooks/PlayLibrary/Formations/Offense/Strong_I/Strong_I	football/Gameplay/playbooks/PlayLibrary/Formations/Offense/Strong_I/Close_Flex/Close_Flex
1396	H Close Off	Class_Under_Center	SetType_Normal	football/Gameplay/playbooks/PlayLibrary/Formations/Offense/Strong_I/Strong_I	football/Gameplay/playbooks/PlayLibrary/Formations/Offense/Strong_I/H_Close_Off/H_Close_Off
229	H Slot	Class_Under_Center	SetType_Normal	football/Gameplay/playbooks/PlayLibrary/Formations/Offense/Strong_I/Strong_I	football/Gameplay/playbooks/PlayLibrary/Formations/Offense/Strong_I/H_Slot/H_Slot
1411	H Tight Close	Class_Under_Center	SetType_Big	football/Gameplay/playbooks/PlayLibrary/Formations/Offense/Strong_I/Strong_I	football/Gameplay/playbooks/PlayLibrary/Formations/Offense/Strong_I/H_Tight_Close/H_Tight_Close
241	H Wing	Class_Under_Center	SetType_Big	football/Gameplay/playbooks/PlayLibrary/Formations/Offense/Strong_I/Strong_I	football/Gameplay/playbooks/PlayLibrary/Formations/Offense/Strong_I/H_Wing/H_Wing
45	Jumbo	Class_Under_Center	SetType_Jumbo	football/Gameplay/playbooks/PlayLibrary/Formations/Offense/Strong_I/Strong_I	football/Gameplay/playbooks/PlayLibrary/Formations/Offense/Strong_I/Jumbo/Jumbo
11	Pro	Class_Under_Center	SetType_Normal	football/Gameplay/playbooks/PlayLibrary/Formations/Offense/Strong_I/Strong_I	football/Gameplay/playbooks/PlayLibrary/Formations/Offense/Strong_I/Pro/Pro
153	Slot	Class_Under_Center	SetType_Normal	football/Gameplay/playbooks/PlayLibrary/Formations/Offense/Strong_I/Strong_I	football/Gameplay/playbooks/PlayLibrary/Formations/Offense/Strong_I/Slot/Slot
405	Slot Flex	Class_Under_Center	SetType_Normal	football/Gameplay/playbooks/PlayLibrary/Formations/Offense/Strong_I/Strong_I	football/Gameplay/playbooks/PlayLibrary/Formations/Offense/Strong_I/Slot_Flex/Slot_Flex
23	Tight	Class_Under_Center	SetType_Big	football/Gameplay/playbooks/PlayLibrary/Formations/Offense/Strong_I/Strong_I	football/Gameplay/playbooks/PlayLibrary/Formations/Offense/Strong_I/Tight/Tight
556	Twins Over	Class_Under_Center	SetType_Overload	football/Gameplay/playbooks/PlayLibrary/Formations/Offense/Strong_I/Strong_I	football/Gameplay/playbooks/PlayLibrary/Formations/Offense/Strong_I/Twins_Over/Twins_Over
176	Wing	Class_Under_Center	SetType_Big	football/Gameplay/playbooks/PlayLibrary/Formations/Offense/Strong_I/Strong_I	football/Gameplay/playbooks/PlayLibrary/Formations/Offense/Strong_I/Wing/Wing
831162313	Wing Close	Class_Under_Center	SetType_Big	football/Gameplay/playbooks/PlayLibrary/Formations/Offense/Strong_I/Strong_I	football/Gameplay/playbooks/PlayLibrary/Formations/Offense/Strong_I/Wing_Close/Wing_Close
1265	Y Off Close	Class_Under_Center	SetType_Normal	football/Gameplay/playbooks/PlayLibrary/Formations/Offense/Strong_I/Strong_I	football/Gameplay/playbooks/PlayLibrary/Formations/Offense/Strong_I/Y_Off_Close/Y_Off_Close
203	Y Open Flex	Class_Under_Center	SetType_Normal	football/Gameplay/playbooks/PlayLibrary/Formations/Offense/Strong_I/Strong_I	football/Gameplay/playbooks/PlayLibrary/Formations/Offense/Strong_I/Y_Open_Flex/Y_Open_Flex
1264	Z Close	Class_Under_Center	SetType_Normal	football/Gameplay/playbooks/PlayLibrary/Formations/Offense/Strong_I/Strong_I	football/Gameplay/playbooks/PlayLibrary/Formations/Offense/Strong_I/Z_Close/Z_Close
107261376	3WR Flex	Class_Under_Center	SetType_ThreeWR	football/Gameplay/playbooks/PlayLibrary/Formations/Offense/Weak_I/Weak_I	football/Gameplay/playbooks/PlayLibrary/Formations/Offense/Weak_I/3WR_Flex/3WR_Flex
201	Close	Class_Under_Center	SetType_Normal	football/Gameplay/playbooks/PlayLibrary/Formations/Offense/Weak_I/Weak_I	football/Gameplay/playbooks/PlayLibrary/Formations/Offense/Weak_I/Close/Close
202	Close Flex	Class_Under_Center	SetType_Normal	football/Gameplay/playbooks/PlayLibrary/Formations/Offense/Weak_I/Weak_I	football/Gameplay/playbooks/PlayLibrary/Formations/Offense/Weak_I/Close_Flex/Close_Flex
1331	H Close Off	Class_Under_Center	SetType_Normal	football/Gameplay/playbooks/PlayLibrary/Formations/Offense/Weak_I/Weak_I	football/Gameplay/playbooks/PlayLibrary/Formations/Offense/Weak_I/H_Close_Off/H_Close_Off
239	H U Off	Class_Under_Center	SetType_Big	football/Gameplay/playbooks/PlayLibrary/Formations/Offense/Weak_I/Weak_I	football/Gameplay/playbooks/PlayLibrary/Formations/Offense/Weak_I/H_U_Off/H_U_Off
238	H Wing	Class_Under_Center	SetType_Big	football/Gameplay/playbooks/PlayLibrary/Formations/Offense/Weak_I/Weak_I	football/Gameplay/playbooks/PlayLibrary/Formations/Offense/Weak_I/H_Wing/H_Wing
13	Pro	Class_Under_Center	SetType_Normal	football/Gameplay/playbooks/PlayLibrary/Formations/Offense/Weak_I/Weak_I	football/Gameplay/playbooks/PlayLibrary/Formations/Offense/Weak_I/Pro/Pro
57	Slot	Class_Under_Center	SetType_Normal	football/Gameplay/playbooks/PlayLibrary/Formations/Offense/Weak_I/Weak_I	football/Gameplay/playbooks/PlayLibrary/Formations/Offense/Weak_I/Slot/Slot
1281	Slot Close	Class_Under_Center	SetType_Normal	football/Gameplay/playbooks/PlayLibrary/Formations/Offense/Weak_I/Weak_I	football/Gameplay/playbooks/PlayLibrary/Formations/Offense/Weak_I/Slot_Close/Slot_Close
417	Slot Flex	Class_Under_Center	SetType_Normal	football/Gameplay/playbooks/PlayLibrary/Formations/Offense/Weak_I/Weak_I	football/Gameplay/playbooks/PlayLibrary/Formations/Offense/Weak_I/Slot_Flex/Slot_Flex
19	Slot Open	Class_Under_Center	SetType_ThreeWR	football/Gameplay/playbooks/PlayLibrary/Formations/Offense/Weak_I/Weak_I	football/Gameplay/playbooks/PlayLibrary/Formations/Offense/Weak_I/Slot_Open/Slot_Open
95	Wing	Class_Under_Center	SetType_Big	football/Gameplay/playbooks/PlayLibrary/Formations/Offense/Weak_I/Weak_I	football/Gameplay/playbooks/PlayLibrary/Formations/Offense/Weak_I/Wing/Wing
1263	Z Close	Class_Under_Center	SetType_Normal	football/Gameplay/playbooks/PlayLibrary/Formations/Offense/Weak_I/Weak_I	football/Gameplay/playbooks/PlayLibrary/Formations/Offense/Weak_I/Z_Close/Z_Close
1300	Ace Y Off	Class_Shotgun	SetType_Normal	football/Gameplay/playbooks/PlayLibrary/Formations/Offense/Wildcat/Wildcat	football/Gameplay/playbooks/PlayLibrary/Formations/Offense/Wildcat/Ace_Y_Off/Ace_Y_Off
674	Pro	Class_Wildcat	SetType_Wildcat	football/Gameplay/playbooks/PlayLibrary/Formations/Offense/Wildcat/Wildcat	football/Gameplay/playbooks/PlayLibrary/Formations/Offense/Wildcat/Pro/Pro
742	Slot Flex	Class_Wildcat	SetType_Wildcat	football/Gameplay/playbooks/PlayLibrary/Formations/Offense/Wildcat/Wildcat	football/Gameplay/playbooks/PlayLibrary/Formations/Offense/Wildcat/Slot_Flex/Slot_Flex
602	Trips Over	Class_Wildcat	SetType_Wildcat	football/Gameplay/playbooks/PlayLibrary/Formations/Offense/Wildcat/Wildcat	football/Gameplay/playbooks/PlayLibrary/Formations/Offense/Wildcat/Trips_Over/Trips_Over
601	Unbalanced	Class_Wildcat	SetType_Wildcat	football/Gameplay/playbooks/PlayLibrary/Formations/Offense/Wildcat/Wildcat	football/Gameplay/playbooks/PlayLibrary/Formations/Offense/Wildcat/Unbalanced/Unbalanced
440	Tight	Class_Under_Center	SetType_Jumbo	football/Gameplay/playbooks/PlayLibrary/Formations/Offense/Wishbone/Wishbone	football/Gameplay/playbooks/PlayLibrary/Formations/Offense/Wishbone/Tight/Tight
1230076229	Landing Zone Heavy Safety Return	Class_SafetyReturn	SetType_None	football/Gameplay/playbooks/PlayLibrary/Formations/Safety_KickReturn/Safety_Kick_Return/Safety_Kick_Return	football/Gameplay/playbooks/PlayLibrary/Formations/Safety_KickReturn/Safety_Kick_Return/LandingZone/LandingZone_Heavy_Safety_Return
594798583	Landing Zone Safety Return	Class_SafetyReturn	SetType_None	football/Gameplay/playbooks/PlayLibrary/Formations/Safety_KickReturn/Safety_Kick_Return/Safety_Kick_Return	football/Gameplay/playbooks/PlayLibrary/Formations/Safety_KickReturn/Safety_Kick_Return/LandingZone/LandingZone_Safety_Return
2637590900	Landing Zone Heavy Safety Kick	Class_SafetyKickoff	SetType_None	football/Gameplay/playbooks/PlayLibrary/Formations/SafetyKickoff/Safety_Kickoff/Safety_Kickoff	football/Gameplay/playbooks/PlayLibrary/Formations/SafetyKickoff/Safety_Kickoff/LandingZone/LandingZone_Heavy_Safety_Kick
3484436163	Landing Zone Safety Kick	Class_SafetyKickoff	SetType_None	football/Gameplay/playbooks/PlayLibrary/Formations/SafetyKickoff/Safety_Kickoff/Safety_Kickoff	football/Gameplay/playbooks/PlayLibrary/Formations/SafetyKickoff/Safety_Kickoff/LandingZone/LandingZone_Safety_Kick
1335640809	Landing Zone Safety Punt	Class_SafetyKickoff	SetType_None	football/Gameplay/playbooks/PlayLibrary/Formations/SafetyKickoff/Safety_Kickoff/Safety_Kickoff	football/Gameplay/playbooks/PlayLibrary/Formations/SafetyKickoff/Safety_Kickoff/LandingZone/LandingZone_Safety_Punt
8	Normal	Class_SafetyKickoff	SetType_None	football/Gameplay/playbooks/PlayLibrary/Formations/SafetyKickoff/Safety_Kickoff/Safety_Kickoff	football/Gameplay/playbooks/PlayLibrary/Formations/SafetyKickoff/Safety_Kickoff/Normal/Normal
